date,total_count,peak_count
2020-01-01,7686,804
2020-01-02,9056,794
2020-01-03,9485,869
2020-01-04,7199,707
2020-01-05,6260,694
2020-01-06,7612,671
2020-01-07,8004,704
2020-01-08,7646,660
2020-01-09,8261,749
2020-01-10,9218,784
2020-01-11,9889,1073
2020-01-12,6753,789
2020-01-13,7700,663
2020-01-14,7861,722
2020-01-15,8512,762
2020-01-16,6407,542
2020-01-17,9044,744
2020-01-18,7944,805
2020-01-19,6276,682
2020-01-20,7736,730
2020-01-21,7794,654
2020-01-22,8035,736
2020-01-23,8420,717
2020-01-24,9166,834
2020-01-25,7616,723
2020-01-26,7231,795
2020-01-27,7957,684
2020-01-28,8123,698
2020-01-29,8252,725
2020-01-30,8568,738
2020-01-31,9439,840
2020-02-01,8654,866
2020-02-02,6670,731
2020-02-03,8223,761
2020-02-04,7965,692
2020-02-05,8510,781
2020-02-07,6506,573
2020-02-08,8962,845
2020-02-09,6878,736
2020-02-10,7459,635
2020-02-11,7901,648
2020-02-12,8756,758
2020-02-13,7291,628
2020-02-14,10604,878
2020-02-15,10502,1006
2020-02-16,9616,1049
2020-02-17,9728,960
2020-02-18,7527,611
2020-02-19,8792,779
2020-02-20,9512,814
2020-02-21,10057,872
2020-02-22,10460,1037
2020-02-23,9420,1094
2020-02-24,9082,904
2020-02-25,8438,754
2020-02-26,8578,777
2020-02-27,8160,704
2020-02-28,9910,848
2020-02-29,10049,981
2020-03-01,8556,910
2020-03-02,8369,706
2020-03-03,9158,872
2020-03-04,8935,739
2020-03-05,9399,839
2020-03-06,9931,837
2020-03-07,10300,945
2020-03-08,9132,968
2020-03-09,9855,958
2020-03-10,8653,749
2020-03-11,9105,800
2020-03-12,9223,799
2020-03-13,8958,719
2020-03-14,10654,1063
2020-03-15,8762,972
2020-03-16,8266,775
2020-03-17,6708,570
2020-03-18,8189,772
2020-03-19,6484,563
2020-03-20,7745,728
2020-03-21,8500,1042
2020-03-22,6748,849
2020-03-23,6072,581
2020-03-24,5576,537
2020-03-25,6211,561
2020-03-26,6707,612
2020-03-27,7456,727
2020-03-28,6469,766
2020-03-29,3815,404
2020-03-30,5448,502
2020-03-31,6352,588
2020-04-01,6066,537
2020-04-02,4885,424
2020-04-03,5264,481
2020-04-04,5500,602
2020-04-05,4391,482
2020-04-06,5843,590
2020-04-07,5829,593
2020-04-08,5668,542
2020-04-09,4743,443
2020-04-10,6139,565
2020-04-11,5960,621
2020-04-12,4122,493
2020-04-13,4392,436
2020-04-14,6594,594
2020-04-15,6329,583
2020-04-16,6402,590
2020-04-17,6874,689
2020-04-18,4635,452
2020-04-19,6538,822
2020-04-20,6242,592
2020-04-21,6016,583
2020-04-22,6409,630
2020-04-23,7232,670
2020-04-24,6769,654
2020-04-25,7535,837
2020-04-26,4860,561
2020-04-27,5387,490
2020-04-28,6707,599
2020-04-29,7564,762
2020-04-30,6745,594
2020-05-01,6588,615
2020-05-02,8445,885
2020-05-03,7208,899
2020-05-04,7269,668
2020-05-05,7614,702
2020-05-06,7718,672
2020-05-07,8117,768
2020-05-08,8926,824
2020-05-09,6773,680
2020-05-10,7622,873
2020-05-11,7203,699
2020-05-12,8144,722
2020-05-13,8584,760
2020-05-14,9559,910
2020-05-15,9098,801
2020-05-16,9690,986
2020-05-17,8036,899
2020-05-18,8382,778
2020-05-19,8695,762
2020-05-20,9506,833
2020-05-21,10576,949
2020-05-22,12070,1128
2020-05-23,9940,965
2020-05-24,9257,996
2020-05-25,7883,828
2020-05-26,9733,855
2020-05-27,10369,910
2020-05-28,10598,924
2020-05-29,11240,961
2020-05-30,10804,1004
2020-05-31,9789,1041
2020-06-01,10834,910
2020-06-02,10808,965
2020-06-03,10558,920
2020-06-04,12516,1043
2020-06-05,13516,1103
2020-06-06,13171,1183
2020-06-07,11522,1260
2020-06-08,11896,1032
2020-06-09,11478,1016
2020-06-10,11665,1019
2020-06-11,11549,946
2020-06-12,15318,1286
2020-06-13,14899,1310
2020-06-14,13179,1256
2020-06-15,12174,1014
2020-06-16,12486,1061
2020-06-17,13311,1068
2020-06-18,14707,1189
2020-06-19,17181,1327
2020-06-20,17663,1391
2020-06-21,15643,1363
2020-06-22,13798,1135
2020-06-23,13895,1117
2020-06-24,13326,1096
2020-06-25,15147,1253
2020-06-26,17357,1321
2020-06-27,16835,1348
2020-06-28,14821,1303
2020-06-29,13533,1192
2020-06-30,13532,1217
2020-07-01,15403,1239
2020-07-02,18391,1408
2020-07-03,18451,1491
2020-07-04,18505,1416
2020-07-05,17054,1459
2020-07-06,16916,1336
2020-07-07,17005,1367
2020-07-08,15477,1320
2020-07-09,17606,1400
2020-07-10,17528,1379
2020-07-11,17334,1378
2020-07-12,17310,1450
2020-07-13,15452,1360
2020-07-14,15379,1223
2020-07-15,17014,1359
2020-07-16,17640,1388
2020-07-17,18475,1427
2020-07-18,19644,1449
2020-07-19,19079,1504
2020-07-20,17575,1318
2020-07-21,17530,1367
2020-07-22,16841,1398
2020-07-23,16377,1353
2020-07-24,19701,1412
2020-07-25,20710,1487
2020-07-26,18911,1484
2020-07-27,18029,1364
2020-07-28,17591,1372
2020-07-29,18208,1371
2020-07-30,18471,1413
2020-07-31,19821,1425
2020-08-01,20177,1536
2020-08-02,18831,1541
2020-08-03,18404,1384
2020-08-04,16249,1417
2020-08-05,17584,1352
2020-08-06,19473,1481
2020-08-07,20147,1455
2020-08-08,20423,1547
2020-08-09,19088,1542
2020-08-10,19099,1446
2020-08-11,19305,1524
2020-08-12,19532,1490
2020-08-13,19555,1455
2020-08-14,20221,1512
2020-08-15,19765,1478
2020-08-16,17687,1432
2020-08-17,18260,1440
2020-08-18,18531,1438
2020-08-19,18884,1526
2020-08-20,19983,1472
2020-08-21,20261,1463
2020-08-22,20115,1485
2020-08-23,18249,1518
2020-08-24,17453,1384
2020-08-25,17510,1366
2020-08-26,18544,1442
2020-08-27,17777,1431
2020-08-28,19008,1470
2020-08-29,17077,1423
2020-08-30,17106,1456
2020-08-31,15847,1307
2020-09-01,15343,1311
2020-09-02,15004,1304
2020-09-03,16662,1346
2020-09-04,18675,1386
2020-09-05,20070,1516
2020-09-06,19780,1519
2020-09-07,17269,1463
2020-09-08,16158,1293
2020-09-09,15655,1281
2020-09-10,15139,1272
2020-09-11,17561,1410
2020-09-12,17909,1505
2020-09-13,15077,1364
2020-09-14,14617,1229
2020-09-15,14723,1282
2020-09-16,15065,1309
2020-09-17,15496,1326
2020-09-18,17022,1383
2020-09-19,17757,1533
2020-09-20,15008,1418
2020-09-21,13904,1218
2020-09-22,13879,1273
2020-09-23,14153,1245
2020-09-24,15167,1322
2020-09-25,17016,1383
2020-09-26,17964,1530
2020-09-27,15472,1389
2020-09-28,12961,1101
2020-09-29,12611,1090
2020-09-30,11754,1045
2020-10-01,13922,1213
2020-10-02,15174,1335
2020-10-03,17045,1523
2020-10-04,14499,1443
2020-10-05,12673,1131
2020-10-06,12783,1133
2020-10-07,12716,1140
2020-10-08,14130,1262
2020-10-09,16519,1360
2020-10-10,18766,1556
2020-10-11,17450,1633
2020-10-12,14841,1365
2020-10-13,10839,962
2020-10-14,13757,1262
2020-10-15,14471,1367
2020-10-16,14171,1209
2020-10-17,15009,1380
2020-10-18,13451,1325
2020-10-19,12188,1076
2020-10-20,11480,1032
2020-10-21,11526,1010
2020-10-22,13183,1198
2020-10-23,14287,1314
2020-10-24,15715,1455
2020-10-25,13683,1369
2020-10-26,10588,954
2020-10-27,10428,918
2020-10-28,9813,846
2020-10-29,10486,951
2020-10-30,10669,913
2020-10-31,11492,1136
2020-11-01,8555,918
2020-11-02,9486,896
2020-11-03,9193,876
2020-11-04,9134,842
2020-11-05,10282,946
2020-11-06,12287,1176
2020-11-07,13333,1392
2020-11-08,10903,1196
2020-11-09,9882,914
2020-11-10,10526,1035
2020-11-11,10080,1024
2020-11-12,9286,771
2020-11-13,9972,898
2020-11-14,10111,994
2020-11-15,7812,843
2020-11-16,8614,790
2020-11-17,8528,805
2020-11-18,8507,792
2020-11-19,8882,797
2020-11-20,9960,901
2020-11-21,9183,965
2020-11-22,6938,770
2020-11-23,7701,685
2020-11-24,9094,821
2020-11-25,9334,831
2020-11-26,3747,355
2020-11-27,8646,927
2020-11-28,8924,912
2020-11-29,7775,836
2020-11-30,7691,729
2020-12-01,8010,752
2020-12-02,8762,766
2020-12-03,9054,809
2020-12-04,10041,904
2020-12-05,6031,627
2020-12-06,6610,656
2020-12-07,8063,721
2020-12-08,8291,756
2020-12-09,8295,744
2020-12-10,9319,840
2020-12-11,10129,1021
2020-12-12,8580,920
2020-12-13,7106,812
2020-12-14,8195,719
2020-12-15,8824,836
2020-12-16,9071,839
2020-12-17,3262,260
2020-12-18,9131,877
2020-12-19,8781,872
2020-12-20,6411,766
2020-12-21,8656,814
2020-12-22,9266,858
2020-12-23,9413,936
2020-12-24,7621,819
2020-12-25,3037,281
2020-12-26,7874,907
2020-12-27,7556,887
2020-12-28,8560,864
2020-12-29,9028,920
2020-12-30,9046,870
2020-12-31,9398,900
2021-01-01,8032,972
2021-01-02,6720,680
2021-01-03,6317,739
2021-01-04,7400,683
2021-01-05,7154,695
2021-01-06,7670,748
2021-01-07,8497,770
2021-01-08,9087,870
2021-01-09,8345,915
2021-01-10,7276,898
2021-01-11,7500,672
2021-01-12,8211,807
2021-01-13,7887,735
2021-01-14,8096,813
2021-01-15,9291,873
2021-01-16,6410,687
2021-01-17,8251,998
2021-01-18,8397,892
2021-01-19,7914,778
2021-01-20,7519,750
2021-01-21,8078,744
2021-01-22,9011,890
2021-01-23,8617,963
2021-01-24,6046,745
2021-01-25,7372,665
2021-01-26,7640,750
2021-01-27,7003,653
2021-01-28,7639,666
2021-01-29,8268,728
2021-01-30,8118,866
2021-01-31,7055,856
2021-02-01,7250,681
2021-02-02,3101,277
2021-02-03,7430,735
2021-02-04,8242,774
2021-02-05,8321,717
2021-02-06,9428,1058
2021-02-07,5068,603
2021-02-08,7441,716
2021-02-09,6152,514
2021-02-10,8119,781
2021-02-11,8514,772
2021-02-12,9405,930
2021-02-13,10445,1100
2021-02-14,8695,872
2021-02-15,8247,822
2021-02-16,5856,580
2021-02-17,8802,826
2021-02-18,8629,775
2021-02-19,7105,599
2021-02-20,9301,956
2021-02-21,8540,1009
2021-02-22,7439,677
2021-02-23,8184,813
2021-02-24,9393,890
2021-02-25,9192,801
2021-02-26,10341,941
2021-02-27,7297,711
2021-02-28,8659,1088
2021-03-01,7767,672
2021-03-02,7423,633
2021-03-03,8762,779
2021-03-04,8796,784
2021-03-05,9680,840
2021-03-06,10336,1079
2021-03-07,8723,1003
2021-03-08,8434,833
2021-03-09,9003,884
2021-03-10,9807,919
2021-03-11,11086,1062
2021-03-12,12023,1135
2021-03-13,11521,1226
2021-03-14,8578,971
2021-03-15,8189,752
2021-03-16,8733,800
2021-03-17,9288,873
2021-03-18,8918,774
2021-03-19,10811,962
2021-03-20,12885,1318
2021-03-21,11825,1388
2021-03-22,9836,934
2021-03-23,9654,873
2021-03-24,9533,862
2021-03-25,9418,862
2021-03-26,10754,930
2021-03-27,13260,1345
2021-03-28,7683,868
2021-03-29,9431,866
2021-03-30,10077,963
2021-03-31,10138,881
2021-04-01,9676,848
2021-04-02,12351,1117
2021-04-03,12275,1163
2021-04-04,9046,890
2021-04-05,9447,840
2021-04-06,10304,931
2021-04-07,10895,931
2021-04-08,11573,992
2021-04-09,13892,1219
2021-04-10,15345,1433
2021-04-11,10503,1019
2021-04-12,10316,951
2021-04-13,10911,949
2021-04-14,11601,1018
2021-04-15,11696,1020
2021-04-16,10698,863
2021-04-17,13375,1224
2021-04-18,13578,1347
2021-04-19,13583,1225
2021-04-20,14062,1282
2021-04-21,12267,1117
2021-04-22,13547,1161
2021-04-23,15416,1331
2021-04-24,17100,1541
2021-04-25,10923,1132
2021-04-26,11351,967
2021-04-27,12327,1074
2021-04-28,11445,977
2021-04-29,11774,1001
2021-04-30,14121,1236
2021-05-01,16478,1457
2021-05-02,14733,1454
2021-05-03,12057,1025
2021-05-04,11310,990
2021-05-05,11034,989
2021-05-06,13604,1156
2021-05-07,15692,1319
2021-05-08,16073,1357
2021-05-09,16235,1539
2021-05-10,12342,1084
2021-05-11,12923,1118
2021-05-12,13481,1153
2021-05-13,14859,1238
2021-05-14,17493,1416
2021-05-15,18204,1461
2021-05-16,15601,1417
2021-05-17,14408,1209
2021-05-18,14443,1234
2021-05-19,15534,1311
2021-05-20,16127,1343
2021-05-21,17863,1410
2021-05-22,18242,1415
2021-05-23,17043,1478
2021-05-24,14936,1253
2021-05-25,15152,1286
2021-05-26,15912,1292
2021-05-27,17224,1328
2021-05-28,18208,1364
2021-05-29,18569,1534
2021-05-30,17401,1517
2021-05-31,15234,1382
2021-06-01,15182,1209
2021-06-02,15539,1248
2021-06-03,15900,1293
2021-06-04,17881,1386
2021-06-05,19516,1490
2021-06-06,18537,1521
2021-06-07,17499,1371
2021-06-08,16732,1336
2021-06-09,16769,1299
2021-06-10,17862,1413
2021-06-11,18414,1419
2021-06-12,19847,1500
2021-06-13,18338,1517
2021-06-14,16462,1339
2021-06-15,16532,1346
2021-06-16,18143,1414
2021-06-17,18938,1490
2021-06-18,20128,1514
2021-06-19,20475,1487
2021-06-20,19946,1495
2021-06-21,19312,1423
2021-06-22,18173,1457
2021-06-23,19448,1482
2021-06-24,20330,1508
2021-06-25,20158,1540
2021-06-26,19979,1441
2021-06-27,19762,1457
2021-06-28,19729,1496
2021-06-29,19825,1407
2021-06-30,18757,1408
2021-07-01,19262,1464
2021-07-02,18987,1457
2021-07-03,19416,1474
2021-07-04,19313,1534
2021-07-05,19703,1446
2021-07-06,20599,1474
2021-07-07,20738,1560
2021-07-08,19565,1501
2021-07-09,18255,1349
2021-07-10,20526,1516
2021-07-11,19550,1479
2021-07-12,18741,1477
2021-07-13,18873,1520
2021-07-14,19362,1484
2021-07-15,20338,1448
2021-07-16,20671,1471
2021-07-17,20691,1463
2021-07-18,18371,1414
2021-07-19,18833,1404
2021-07-20,19941,1444
2021-07-21,20207,1467
2021-07-22,21170,1517
2021-07-23,20999,1445
2021-07-24,20944,1497
2021-07-25,18960,1434
2021-07-26,19806,1465
2021-07-27,20052,1472
2021-07-28,20478,1494
2021-07-29,19688,1469
2021-07-30,20585,1466
2021-07-31,20825,1493
2021-08-01,19566,1431
2021-08-02,19872,1445
2021-08-03,20300,1475
2021-08-04,20330,1474
2021-08-05,19073,1423
2021-08-06,20590,1441
2021-08-07,20907,1518
2021-08-08,19893,1453
2021-08-09,18971,1432
2021-08-10,19749,1448
2021-08-11,20217,1471
2021-08-12,20557,1482
2021-08-13,20315,1403
2021-08-14,21164,1517
2021-08-15,19427,1458
2021-08-16,20040,1442
2021-08-17,20105,1467
2021-08-18,20029,1464
2021-08-19,18646,1428
2021-08-20,20103,1431
2021-08-21,19973,1463
2021-08-22,15293,1351
2021-08-23,16417,1354
2021-08-24,18531,1429
2021-08-25,20159,1486
2021-08-26,20462,1557
2021-08-27,19950,1419
2021-08-28,19599,1458
2021-08-29,17292,1435
2021-08-30,16775,1317
2021-08-31,16241,1259
2021-09-01,15980,1314
2021-09-02,16477,1330
2021-09-03,18486,1377
2021-09-04,19690,1459
2021-09-05,18895,1457
2021-09-06,17152,1388
2021-09-07,17469,1381
2021-09-08,17194,1393
2021-09-09,16498,1388
2021-09-10,18740,1385
2021-09-11,19674,1478
2021-09-12,17524,1465
2021-09-13,16927,1404
2021-09-14,16693,1382
2021-09-15,15903,1328
2021-09-16,17070,1368
2021-09-17,17896,1404
2021-09-18,18592,1530
2021-09-19,17166,1425
2021-09-20,16720,1420
2021-09-21,16665,1380
2021-09-22,16336,1361
2021-09-23,16692,1374
2021-09-24,17015,1336
2021-09-25,17972,1500
2021-09-26,15756,1442
2021-09-27,15146,1286
2021-09-28,14908,1280
2021-09-29,15175,1301
2021-09-30,15782,1330
2021-10-01,17651,1475
2021-10-02,18155,1450
2021-10-03,15232,1467
2021-10-04,14223,1260
2021-10-05,14083,1275
2021-10-06,15447,1409
2021-10-07,16851,1392
2021-10-08,17783,1438
2021-10-09,18462,1462
2021-10-10,17582,1489
2021-10-11,16128,1375
2021-10-12,15286,1321
2021-10-13,15436,1362
2021-10-14,16318,1385
2021-10-15,16611,1369
2021-10-16,16960,1476
2021-10-17,14751,1360
2021-10-18,13376,1178
2021-10-19,13081,1145
2021-10-20,13621,1194
2021-10-21,14432,1237
2021-10-22,16378,1352
2021-10-23,16763,1432
2021-10-24,13837,1282
2021-10-25,10709,911
2021-10-26,9514,824
2021-10-27,10397,886
2021-10-28,12645,1063
2021-10-29,13855,1167
2021-10-30,11432,1102
2021-10-31,10355,1020
2021-11-01,10599,922
2021-11-02,10325,918
2021-11-03,10504,912
2021-11-04,10999,992
2021-11-05,12292,1077
2021-11-06,12777,1226
2021-11-07,10086,1058
2021-11-08,9900,916
2021-11-09,10195,919
2021-11-10,10190,874
2021-11-11,11570,1083
2021-11-12,10650,913
2021-11-13,11818,1160
2021-11-14,9537,1045
2021-11-15,9112,803
2021-11-16,9134,801
2021-11-17,9494,841
2021-11-18,10584,983
2021-11-19,10884,952
2021-11-20,10272,1029
2021-11-21,8183,875
2021-11-22,8771,806
2021-11-23,9610,861
2021-11-24,10211,935
2021-11-25,6167,624
2021-11-26,10005,964
2021-11-27,10190,990
2021-11-28,7489,829
2021-11-29,8763,794
2021-11-30,8909,799
2021-12-01,9410,848
2021-12-02,9570,856
2021-12-03,11634,1091
2021-12-04,11405,1057
2021-12-05,9112,953
2021-12-06,8675,786
2021-12-07,9438,814
2021-12-08,8418,721
2021-12-09,9959,914
2021-12-10,11651,1071
2021-12-11,11203,1021
2021-12-12,9751,1012
2021-12-13,9730,873
2021-12-14,9451,897
2021-12-15,9927,886
2021-12-16,9756,838
2021-12-17,11268,995
2021-12-18,8163,889
2021-12-19,6740,662
2021-12-20,9176,841
2021-12-21,9769,869
2021-12-22,7601,674
2021-12-23,9875,905
2021-12-24,7306,782
2021-12-25,3011,269
2021-12-26,6340,644
2021-12-27,9393,925
2021-12-28,8883,923
2021-12-29,9965,962
2021-12-30,10367,1049
2021-12-31,10020,996
2022-01-01,7243,722
2022-01-02,6462,722
2022-01-03,7942,721
2022-01-04,8242,777
2022-01-05,7420,665
2022-01-06,9034,835
2022-01-07,4274,392
2022-01-08,7823,807
2022-01-09,4935,512
2022-01-10,7727,764
2022-01-11,6992,647
2022-01-12,7979,783
2022-01-13,8448,750
2022-01-14,9043,842
2022-01-15,7742,823
2022-01-16,7111,725
2022-01-17,5596,544
2022-01-18,7844,711
2022-01-19,8047,751
2022-01-20,8225,739
2022-01-21,8907,826
2022-01-22,8306,836
2022-01-23,6658,720
2022-01-24,7757,695
2022-01-25,7313,709
2022-01-26,8296,751
2022-01-27,8412,733
2022-01-28,9303,821
2022-01-29,1589,154
2022-01-30,4988,529
2022-01-31,7523,697
2022-02-01,7664,697
2022-02-02,8326,732
2022-02-03,8294,710
2022-02-04,3998,320
2022-02-05,8017,751
2022-02-06,7012,776
2022-02-07,7302,633
2022-02-08,7414,667
2022-02-09,8708,778
2022-02-10,8828,781
2022-02-11,10508,955
2022-02-12,11755,1286
2022-02-13,6422,631
2022-02-14,8809,759
2022-02-15,8091,709
2022-02-16,8437,779
2022-02-17,9374,790
2022-02-18,9930,883
2022-02-19,9980,979
2022-02-20,10084,1063
2022-02-21,10755,1106
2022-02-22,8718,811
2022-02-23,11039,1105
2022-02-24,10023,894
2022-02-25,3679,274
2022-02-26,8550,824
2022-02-27,7636,777
2022-02-28,8214,721
2022-03-01,8088,702
2022-03-02,8514,784
2022-03-03,8588,768
2022-03-04,9741,861
2022-03-05,9913,971
2022-03-06,7981,783
2022-03-07,7865,685
2022-03-08,8516,775
2022-03-09,8313,760
2022-03-10,9207,819
2022-03-11,10414,986
2022-03-12,7765,747
2022-03-13,7490,738
2022-03-14,8933,783
2022-03-15,8761,770
2022-03-16,9392,898
2022-03-17,9495,866
2022-03-18,12662,1197
2022-03-19,9014,791
2022-03-20,9729,1024
2022-03-21,9179,821
2022-03-22,9112,839
2022-03-23,9570,854
2022-03-24,8770,780
2022-03-25,11352,1053
2022-03-26,11680,1148
2022-03-27,9171,976
2022-03-28,8799,770
2022-03-29,9086,799
2022-03-30,9753,835
2022-03-31,9950,857
2022-04-01,11213,972
2022-04-02,12292,1159
2022-04-03,9657,924
2022-04-04,10072,877
2022-04-05,10274,930
2022-04-06,9886,833
2022-04-07,10420,879
2022-04-08,11253,929
2022-04-09,11805,1091
2022-04-10,11086,1057
2022-04-11,10700,965
2022-04-12,10577,995
2022-04-13,11055,983
2022-04-14,10814,960
2022-04-15,14062,1210
2022-04-16,12426,1105
2022-04-17,10810,1051
2022-04-18,12319,1128
2022-04-19,11162,970
2022-04-20,13722,1199
2022-04-21,13980,1169
2022-04-22,15880,1334
2022-04-23,15196,1368
2022-04-24,11590,1111
2022-04-25,11208,944
2022-04-26,10582,899
2022-04-27,10912,920
2022-04-28,12260,1061
2022-04-29,14207,1198
2022-04-30,14576,1321
2022-05-01,14156,1312
2022-05-02,11870,1022
2022-05-03,11855,976
2022-05-04,11157,921
2022-05-05,13709,1175
2022-05-06,15532,1289
2022-05-07,16445,1338
2022-05-08,15042,1374
2022-05-09,12295,1072
2022-05-10,13020,1067
2022-05-11,13715,1107
2022-05-12,15103,1242
2022-05-13,17290,1309
2022-05-14,18843,1537
2022-05-15,14565,1365
2022-05-16,13268,1112
2022-05-17,14188,1184
2022-05-18,14621,1199
2022-05-19,14681,1219
2022-05-20,18132,1421
2022-05-21,19379,1557
2022-05-22,17203,1431
2022-05-23,15143,1258
2022-05-24,14448,1229
2022-05-25,15083,1223
2022-05-26,16546,1341
2022-05-27,17931,1360
2022-05-28,18589,1463
2022-05-29,19844,1531
2022-05-30,17078,1409
2022-05-31,15310,1228
2022-06-01,14458,1166
2022-06-02,15225,1220
2022-06-03,16673,1301
2022-06-04,17904,1398
2022-06-05,16785,1376
2022-06-06,15326,1193
2022-06-07,15678,1321
2022-06-08,15482,1245
2022-06-09,15571,1240
2022-06-10,18826,1425
2022-06-11,18174,1308
2022-06-12,17370,1474
2022-06-13,16483,1311
2022-06-14,17152,1390
2022-06-15,17632,1381
2022-06-16,18252,1412
2022-06-17,18948,1357
2022-06-18,19328,1444
2022-06-19,18053,1537
2022-06-20,18061,1417
2022-06-21,17687,1376
2022-06-22,18209,1442
2022-06-23,18567,1477
2022-06-24,20014,1450
2022-06-25,21186,1475
2022-06-26,19072,1410
2022-06-27,18261,1425
2022-06-28,18159,1406
2022-06-29,19160,1403
2022-06-30,19942,1423
2022-07-01,20462,1398
2022-07-02,20734,1480
2022-07-03,20742,1459
2022-07-04,19550,1385
2022-07-05,19118,1412
2022-07-06,19750,1460
2022-07-07,20141,1496
2022-07-08,20442,1471
2022-07-09,20497,1509
2022-07-10,19058,1446
2022-07-11,19320,1423
2022-07-12,19028,1473
2022-07-13,19758,1392
2022-07-14,19930,1491
2022-07-15,20714,1437
2022-07-16,20415,1452
2022-07-17,19745,1503
2022-07-18,18792,1411
2022-07-19,19658,1432
2022-07-20,20668,1482
2022-07-21,20160,1462
2022-07-22,21041,1471
2022-07-23,20637,1517
2022-07-24,20008,1447
2022-07-25,19419,1458
2022-07-26,20355,1464
2022-07-27,20400,1486
2022-07-28,20202,1542
2022-07-29,21287,1497
2022-07-30,20751,1473
2022-07-31,20358,1474
2022-08-01,19950,1489
2022-08-02,20498,1510
2022-08-03,20615,1510
2022-08-04,20873,1471
2022-08-05,20478,1477
2022-08-06,20507,1486
2022-08-07,20006,1449
2022-08-08,19971,1413
2022-08-09,19256,1462
2022-08-10,19626,1447
2022-08-11,19965,1477
2022-08-12,20583,1463
2022-08-13,20249,1469
2022-08-14,19617,1492
2022-08-15,20020,1420
2022-08-16,19742,1438
2022-08-17,18189,1337
2022-08-18,19263,1435
2022-08-19,20271,1461
2022-08-20,20473,1530
2022-08-21,19570,1483
2022-08-22,17611,1358
2022-08-23,18450,1385
2022-08-24,19335,1461
2022-08-25,19635,1409
2022-08-26,18811,1373
2022-08-27,19693,1419
2022-08-28,18187,1385
2022-08-29,17167,1307
2022-08-30,16655,1272
2022-08-31,16370,1293
2022-09-01,17560,1372
2022-09-02,18549,1311
2022-09-03,19707,1475
2022-09-04,19347,1428
2022-09-05,15190,1283
2022-09-06,15159,1261
2022-09-07,16314,1296
2022-09-08,17510,1378
2022-09-09,18588,1381
2022-09-10,18458,1435
2022-09-11,16933,1379
2022-09-12,16710,1319
2022-09-13,15448,1314
2022-09-14,16626,1336
2022-09-15,17494,1380
2022-09-16,17901,1313
2022-09-17,18101,1437
2022-09-18,15911,1354
2022-09-19,14588,1242
2022-09-20,15408,1317
2022-09-21,15977,1286
2022-09-22,14908,1187
2022-09-23,17562,1402
2022-09-24,17902,1422
2022-09-25,15391,1396
2022-09-26,14715,1254
2022-09-27,14773,1254
2022-09-28,15374,1307
2022-09-29,15792,1309
2022-09-30,16719,1287
2022-10-01,16734,1351
2022-10-02,14469,1418
2022-10-03,14208,1227
2022-10-04,14267,1221
2022-10-05,13940,1197
2022-10-06,16048,1334
2022-10-07,17360,1324
2022-10-08,18090,1430
2022-10-09,16764,1424
2022-10-10,15172,1327
2022-10-11,14387,1255
2022-10-12,14976,1301
2022-10-13,14769,1245
2022-10-14,14629,1162
2022-10-15,17340,1451
2022-10-16,14053,1264
2022-10-17,12509,1098
2022-10-18,12415,1154
2022-10-19,13550,1155
2022-10-20,14184,1206
2022-10-21,15739,1333
2022-10-22,16611,1377
2022-10-23,12980,1198
2022-10-24,11060,935
2022-10-25,11154,939
2022-10-26,11215,946
2022-10-27,13167,1097
2022-10-28,13912,1150
2022-10-29,13619,1233
2022-10-30,11180,1111
2022-10-31,9930,895
2022-11-01,9621,846
2022-11-02,10273,922
2022-11-03,10764,960
2022-11-04,12223,1124
2022-11-05,13600,1246
2022-11-06,10622,1139
2022-11-07,10418,950
2022-11-08,9578,838
2022-11-09,9633,828
2022-11-10,10830,912
2022-11-11,12307,1068
2022-11-12,11614,1088
2022-11-13,8138,855
2022-11-14,9089,786
2022-11-15,8904,778
2022-11-16,8135,707
2022-11-17,9546,819
2022-11-18,10553,900
2022-11-19,9530,875
2022-11-20,7409,784
2022-11-21,9040,811
2022-11-22,9605,865
2022-11-23,9865,871
2022-11-24,5956,582
2022-11-25,9375,836
2022-11-26,10298,977
2022-11-27,7375,755
2022-11-28,8752,776
2022-11-29,8944,815
2022-11-30,8483,705
2022-12-01,9938,835
2022-12-02,11522,1069
2022-12-03,9772,824
2022-12-04,9367,949
2022-12-05,9117,839
2022-12-06,9124,842
2022-12-07,8458,703
2022-12-08,10261,887
2022-12-09,12498,1086
2022-12-10,12688,1155
2022-12-11,8611,923
2022-12-12,8992,802
2022-12-13,9198,808
2022-12-14,8960,784
2022-12-15,9477,790
2022-12-16,7758,645
2022-12-17,7436,687
2022-12-18,7441,749
2022-12-19,9170,847
2022-12-20,9379,890
2022-12-21,9472,899
2022-12-22,10125,852
2022-12-23,7431,655
2022-12-24,7047,732
2022-12-25,4628,436
2022-12-26,7786,830
2022-12-27,9351,867
2022-12-28,9951,945
2022-12-29,10854,1023
2022-12-30,11659,1136
2022-12-31,9830,963
2023-01-01,8223,923
2023-01-02,8175,905
2023-01-03,7738,673
2023-01-04,8205,692
2023-01-05,7883,744
2023-01-06,7542,596
2023-01-07,8336,842
2023-01-08,6530,745
2023-01-09,8123,752
2023-01-10,8305,759
2023-01-11,8308,760
2023-01-12,7987,899
2023-01-13,8679,779
2023-01-14,8234,762
2023-01-15,7389,814
2023-01-16,6069,568
2023-01-17,8363,745
2023-01-18,8486,785
2023-01-19,8700,788
2023-01-20,5602,497
2023-01-21,8439,815
2023-01-22,6160,672
2023-01-23,5424,463
2023-01-24,8788,753
2023-01-25,8090,686
2023-01-26,7797,680
2023-01-27,9575,860
2023-01-28,9411,926
2023-01-29,6900,760
2023-01-30,8204,701
2023-01-31,8241,739
2023-02-01,8370,718
2023-02-02,8555,721
2023-02-03,7814,658
2023-02-04,6330,586
2023-02-05,7341,798
2023-02-06,8064,740
2023-02-07,8344,808
2023-02-08,8802,787
2023-02-09,8610,752
2023-02-10,10411,973
2023-02-11,10251,1035
2023-02-12,7708,837
2023-02-13,8471,767
2023-02-14,9854,878
2023-02-15,8952,784
2023-02-16,9796,872
2023-02-17,9602,815
2023-02-18,10922,1051
2023-02-19,10106,1082
2023-02-20,9671,952
2023-02-21,8854,772
2023-02-22,9625,820
2023-02-23,4960,457
2023-02-24,9072,770
2023-02-25,8400,839
2023-02-26,6006,627
2023-02-27,8226,696
2023-02-28,4821,414
2023-03-01,8658,754
2023-03-02,8014,705
2023-03-03,10399,879
2023-03-04,3617,321
2023-03-05,7975,821
2023-03-06,8658,778
2023-03-07,8742,752
2023-03-08,8918,761
2023-03-09,9316,814
2023-03-10,10906,998
2023-03-11,9726,878
2023-03-12,8891,906
2023-03-13,8945,798
2023-03-14,4063,359
2023-03-15,8060,697
2023-03-16,9640,829
2023-03-17,10638,992
2023-03-18,11095,1127
2023-03-19,8329,848
2023-03-20,9281,827
2023-03-21,9846,863
2023-03-22,9908,831
2023-03-23,9508,787
2023-03-24,11326,974
2023-03-25,9784,924
2023-03-26,8898,936
2023-03-27,9630,859
2023-03-28,9214,792
2023-03-29,10013,940
2023-03-30,9973,808
2023-03-31,11233,964
2023-04-01,9772,871
2023-04-02,9661,976
2023-04-03,9876,849
2023-04-04,9816,819
2023-04-05,10118,824
2023-04-06,10672,895
2023-04-07,12919,1086
2023-04-08,12272,1087
2023-04-09,9789,951
2023-04-10,10682,1003
2023-04-11,11187,974
2023-04-12,11652,971
2023-04-13,13255,1115
2023-04-14,15467,1294
2023-04-15,14381,1282
2023-04-16,10973,1040
2023-04-17,10235,881
2023-04-18,11364,955
2023-04-19,11627,980
2023-04-20,13070,1075
2023-04-21,13794,1182
2023-04-22,13343,1145
2023-04-23,8966,940
2023-04-24,9914,835
2023-04-25,10407,875
2023-04-26,11262,957
2023-04-27,12341,1011
2023-04-28,14449,1225
2023-04-29,13165,1129
2023-04-30,9195,896
2023-05-01,11425,1012
2023-05-02,10742,913
2023-05-03,11445,966
2023-05-04,12315,1008
2023-05-05,15432,1301
2023-05-06,17416,1457
2023-05-07,15419,1448
2023-05-08,13397,1117
2023-05-09,12608,1035
2023-05-10,13588,1122
2023-05-11,15001,1245
2023-05-12,17032,1357
2023-05-13,17979,1414
2023-05-14,16014,1384
2023-05-15,13663,1182
2023-05-16,14056,1138
2023-05-17,14706,1196
2023-05-18,15667,1223
2023-05-19,18121,1418
2023-05-20,17658,1434
2023-05-21,17106,1431
2023-05-22,15220,1261
2023-05-23,14940,1219
2023-05-24,14901,1255
2023-05-25,16469,1279
2023-05-26,18284,1330
2023-05-27,19519,1467
2023-05-28,19853,1502
2023-05-29,15972,1332
2023-05-30,15136,1306
2023-05-31,14959,1166
2023-06-01,15955,1223
2023-06-02,16522,1209
2023-06-03,16463,1334
2023-06-04,13936,1284
2023-06-05,14051,1175
2023-06-06,14919,1269
2023-06-07,15376,1253
2023-06-08,16242,1299
2023-06-09,17936,1354
2023-06-10,18092,1399
2023-06-11,17346,1426
2023-06-12,16266,1288
2023-06-13,15394,1303
2023-06-14,16688,1356
2023-06-15,18130,1455
2023-06-16,18928,1387
2023-06-17,17505,1383
2023-06-18,17914,1429
2023-06-19,17577,1430
2023-06-20,17594,1378
2023-06-21,18135,1397
2023-06-22,19328,1434
2023-06-23,20124,1446
2023-06-24,18829,1412
2023-06-25,18533,1421
2023-06-26,16968,1367
2023-06-27,17439,1356
2023-06-28,17976,1393
2023-06-29,18798,1392
2023-06-30,19894,1445
2023-07-01,19880,1416
2023-07-02,18639,1420
2023-07-03,19702,1427
2023-07-04,18073,1372
2023-07-05,20403,1526
2023-07-06,20507,1477
2023-07-07,20570,1404
2023-07-08,19353,1449
2023-07-09,17390,1414
2023-07-10,16927,1352
2023-07-11,18055,1366
2023-07-12,19939,1412
2023-07-13,19044,1393
2023-07-14,19634,1454
2023-07-15,19743,1451
2023-07-16,17093,1359
2023-07-17,19184,1390
2023-07-18,19358,1427
2023-07-19,20356,1442
2023-07-20,20392,1484
2023-07-21,19596,1403
2023-07-22,20411,1450
2023-07-23,19942,1477
2023-07-24,20141,1452
2023-07-25,20078,1484
2023-07-26,20966,1534
2023-07-27,19823,1428
2023-07-28,20846,1452
2023-07-29,19558,1419
2023-07-30,19730,1393
2023-07-31,19483,1389
2023-08-01,19925,1435
2023-08-02,20186,1499
2023-08-03,20259,1488
2023-08-04,19268,1393
2023-08-05,20221,1435
2023-08-06,19882,1508
2023-08-07,18851,1385
2023-08-08,18306,1369
2023-08-09,20325,1498
2023-08-10,20372,1472
2023-08-11,20737,1474
2023-08-12,20333,1469
2023-08-13,18834,1462
2023-08-14,19722,1504
2023-08-15,18734,1409
2023-08-16,19099,1468
2023-08-17,19418,1450
2023-08-18,19019,1365
2023-08-19,19972,1448
2023-08-20,19375,1554
2023-08-21,18920,1394
2023-08-22,19156,1435
2023-08-23,19445,1455
2023-08-24,19054,1431
2023-08-25,17554,1360
2023-08-26,18348,1367
2023-08-27,16955,1309
2023-08-28,16846,1317
2023-08-29,16389,1281
2023-08-30,16140,1265
2023-08-31,17898,1340
2023-09-01,19201,1370
2023-09-02,20143,1490
2023-09-03,20192,1492
2023-09-04,17843,1392
2023-09-05,17361,1305
2023-09-06,17652,1388
2023-09-07,18096,1350
2023-09-08,18041,1374
2023-09-09,18773,1453
2023-09-10,14940,1315
2023-09-11,15239,1290
2023-09-12,15100,1266
2023-09-13,15639,1358
2023-09-14,16988,1331
2023-09-15,17382,1357
2023-09-16,14938,1307
2023-09-17,15981,1361
2023-09-18,13538,1143
2023-09-19,15862,1300
2023-09-20,16612,1369
2023-09-21,16910,1339
2023-09-22,17719,1388
2023-09-23,16958,1381
2023-09-24,14206,1318
2023-09-25,14383,1215
2023-09-26,14358,1204
2023-09-27,14515,1226
2023-09-28,15482,1303
2023-09-29,16114,1257
2023-09-30,16422,1371
2023-10-01,15606,1321
2023-10-02,14947,1328
2023-10-03,15691,1303
2023-10-04,15951,1321
2023-10-05,15646,1261
2023-10-06,16778,1294
2023-10-07,16773,1351
2023-10-08,17146,1423
2023-10-09,15592,1338
2023-10-10,14066,1232
2023-10-11,14638,1303
2023-10-12,15156,1288
2023-10-13,16201,1356
2023-10-14,16303,1377
2023-10-15,13846,1289
2023-10-16,12738,1100
2023-10-17,13206,1136
2023-10-18,13930,1176
2023-10-19,14958,1280
2023-10-20,14867,1272
2023-10-21,13647,1170
2023-10-22,12704,1194
2023-10-23,11770,1039
2023-10-24,12056,1066
2023-10-25,12892,1116
2023-10-26,12566,1110
2023-10-27,15058,1263
2023-10-28,15887,1350
2023-10-29,10733,1057
2023-10-30,9227,786
2023-10-31,10002,879
2023-11-01,10087,902
2023-11-02,10765,924
2023-11-03,11637,981
2023-11-04,11218,1018
2023-11-05,9144,900
2023-11-06,9283,813
2023-11-07,9656,861
2023-11-08,9695,817
2023-11-09,9024,804
2023-11-10,11697,1027
2023-11-11,11262,1040
2023-11-12,8739,895
2023-11-13,8895,803
2023-11-14,9040,787
2023-11-15,9356,813
2023-11-16,9758,896
2023-11-17,10724,903
2023-11-18,8858,769
2023-11-19,8217,813
2023-11-20,8936,769
2023-11-21,9356,819
2023-11-22,8489,736
2023-11-23,6033,615
2023-11-24,10160,997
2023-11-25,9911,950
2023-11-26,7524,790
2023-11-27,8548,743
2023-11-28,9054,843
2023-11-29,9039,798
2023-11-30,9826,851
2023-12-01,11237,1050
2023-12-02,10950,972
2023-12-03,7700,838
2023-12-04,8072,725
2023-12-05,8775,788
2023-12-06,9129,845
2023-12-07,9772,951
2023-12-08,12401,1162
2023-12-09,12412,1098
2023-12-10,8760,962
2023-12-11,8254,721
2023-12-12,9216,834
2023-12-13,9359,877
2023-12-14,9567,866
2023-12-15,10749,957
2023-12-16,9622,937
2023-12-17,7322,779
2023-12-18,7276,635
2023-12-19,9630,899
2023-12-20,9558,852
2023-12-21,9686,833
2023-12-22,10116,901
2023-12-23,8392,790
2023-12-24,6627,678
2023-12-25,4645,489
2023-12-26,8594,928
2023-12-27,9532,867
2023-12-28,8988,818
2023-12-29,10006,920
2023-12-30,9370,994
2023-12-31,9547,979
2024-01-01,7240,775
2024-01-02,8255,789
2024-01-03,8510,730
2024-01-04,8397,774
2024-01-05,9173,790
2024-01-06,7282,739
2024-01-07,2231,212
2024-01-08,7000,614
2024-01-09,7840,723
2024-01-10,7755,684
2024-01-11,8747,772
2024-01-12,10156,1000
2024-01-13,7270,745
2024-01-14,8805,1009
2024-01-15,8712,845
2024-01-16,5469,463
2024-01-17,8358,705
2024-01-18,8572,741
2024-01-19,8903,775
2024-01-20,7996,816
2024-01-21,6469,707
2024-01-22,7816,701
2024-01-23,8088,710
2024-01-24,6681,591
2024-01-25,8380,822
2024-01-26,7857,729
2024-01-27,8555,835
2024-01-28,5632,646
2024-01-29,6691,621
2024-01-30,8056,715
2024-01-31,8149,723
2024-02-01,8435,753
2024-02-02,9300,896
2024-02-03,9191,976
2024-02-04,7595,796
2024-02-05,7664,689
2024-02-06,8476,773
2024-02-07,8303,760
2024-02-08,8953,826
2024-02-09,9583,843
2024-02-10,11226,1154
2024-02-11,7541,835
2024-02-12,8205,750
2024-02-13,6642,582
2024-02-14,9303,784
2024-02-15,8896,762
2024-02-16,9280,796
2024-02-17,9590,912
2024-02-18,9036,933
2024-02-19,9135,876
2024-02-20,8712,772
2024-02-21,8955,782
2024-02-22,9449,878
2024-02-23,8928,762
2024-02-24,9650,1015
2024-02-25,7736,847
2024-02-26,8210,761
2024-02-27,8981,813
2024-02-28,8001,711
2024-02-29,8826,781
2024-03-01,10280,924
2024-03-02,8662,829
2024-03-03,8124,885
2024-03-04,8425,752
2024-03-05,8239,697
2024-03-06,8782,773
2024-03-07,8253,732
2024-03-08,10992,997
2024-03-09,9720,947
2024-03-10,7266,709
2024-03-11,8446,751
2024-03-12,9022,794
2024-03-13,9682,848
2024-03-14,10309,873
2024-03-15,9919,874
2024-03-16,10890,1083
2024-03-17,7782,732
2024-03-18,8867,795
2024-03-19,8796,787
2024-03-20,9269,806
2024-03-21,9362,801
2024-03-22,11157,1003
2024-03-23,5996,533
2024-03-24,8150,763
2024-03-25,8860,760
2024-03-26,8969,806
2024-03-27,9335,828
2024-03-28,8828,720
2024-03-29,10760,970
2024-03-30,11137,1059
2024-03-31,8975,922
2024-04-01,9702,809
2024-04-02,10056,861
2024-04-03,9016,757
2024-04-04,4746,452
2024-04-05,10900,876
2024-04-06,11832,973
2024-04-07,10054,924
2024-04-08,10494,846
2024-04-09,11265,937
2024-04-10,10338,869
2024-04-11,10332,875
2024-04-12,10718,917
2024-04-13,12896,1145
2024-04-14,11815,1127
2024-04-15,12281,1099
2024-04-16,12383,1104
2024-04-17,12220,1049
2024-04-18,12153,1051
2024-04-19,13833,1181
2024-04-20,12457,1084
2024-04-21,11702,1188
2024-04-22,11274,1003
2024-04-23,11352,963
2024-04-24,11161,908
2024-04-25,12687,1062
2024-04-26,14304,1202
2024-04-27,14448,1257
2024-04-28,11456,1111
2024-04-29,11678,980
2024-04-30,10591,868
2024-05-01,11682,983
2024-05-02,12345,1014
2024-05-03,15902,1290
2024-05-04,16587,1403
2024-05-05,12613,1190
2024-05-06,12454,1042
2024-05-07,13697,1202
2024-05-08,12027,933
2024-05-09,13496,1114
2024-05-10,15451,1261
2024-05-11,16978,1390
2024-05-12,14790,1440
2024-05-13,13048,1123
2024-05-14,13624,1122
2024-05-15,14099,1162
2024-05-16,14478,1167
2024-05-17,17522,1479
2024-05-18,17482,1394
2024-05-19,15319,1357
2024-05-20,14969,1193
2024-05-21,14937,1248
2024-05-22,16753,1334
2024-05-23,16644,1328
2024-05-24,18303,1299
2024-05-25,19301,1438
2024-05-26,18587,1408
2024-05-27,13878,1223
2024-05-28,14571,1169
2024-05-29,14873,1168
2024-05-30,14705,1193
2024-05-31,16956,1324
2024-06-01,17326,1370
2024-06-02,15978,1314
2024-06-03,15630,1285
2024-06-04,15299,1218
2024-06-05,15621,1224
2024-06-06,15179,1191
2024-06-07,17282,1370
2024-06-08,17835,1363
2024-06-09,15025,1290
2024-06-10,15431,1277
2024-06-11,15972,1329
2024-06-12,16362,1316
2024-06-13,17449,1369
2024-06-14,17950,1308
2024-06-15,18752,1393
2024-06-16,18396,1424
2024-06-17,17270,1341
2024-06-18,17968,1338
2024-06-19,19707,1449
2024-06-20,18642,1385
2024-06-21,19409,1389
2024-06-22,18386,1399
2024-06-23,16542,1398
2024-06-24,18038,1394
2024-06-25,18695,1412
2024-06-26,19228,1451
2024-06-27,18924,1431
2024-06-28,19934,1426
2024-06-29,18881,1414
2024-06-30,17680,1358
2024-07-01,18503,1361
2024-07-02,19538,1403
2024-07-03,20503,1413
2024-07-04,20227,1376
2024-07-05,20884,1462
2024-07-06,20310,1482
2024-07-07,19030,1432
2024-07-08,18612,1357
2024-07-09,18336,1416
2024-07-10,18535,1405
2024-07-11,18968,1394
2024-07-12,20202,1452
2024-07-13,19510,1474
2024-07-14,19183,1502
2024-07-15,19237,1445
2024-07-16,19291,1408
2024-07-17,19150,1418
2024-07-18,19721,1463
2024-07-19,20699,1438
2024-07-20,20464,1439
2024-07-21,19329,1479
2024-07-22,19636,1463
2024-07-23,18283,1368
2024-07-24,18813,1432
2024-07-25,19264,1421
2024-07-26,20163,1411
2024-07-27,20306,1501
2024-07-28,19195,1476
2024-07-29,18196,1377
2024-07-30,18428,1386
2024-07-31,18993,1440
2024-08-01,19693,1375
2024-08-02,20148,1426
2024-08-03,20564,1401
2024-08-04,18118,1389
2024-08-05,19031,1446
2024-08-06,18473,1387
2024-08-07,19484,1409
2024-08-08,19725,1485
2024-08-09,18986,1375
2024-08-10,19896,1433
2024-08-11,19456,1490
2024-08-12,19410,1435
2024-08-13,19558,1444
2024-08-14,19653,1441
2024-08-15,18821,1361
2024-08-16,19692,1435
2024-08-17,19246,1413
2024-08-18,17443,1386
2024-08-19,17437,1444
2024-08-20,17834,1386
2024-08-21,18052,1382
2024-08-22,19284,1402
2024-08-23,19826,1436
2024-08-24,19698,1463
2024-08-25,17378,1392
2024-08-26,16937,1331
2024-08-27,16750,1291
2024-08-28,17578,1313
2024-08-29,17505,1311
2024-08-30,18934,1385
2024-08-31,19346,1461
2024-09-01,19512,1466
2024-09-02,16712,1356
2024-09-03,16266,1290
2024-09-04,16598,1278
2024-09-05,17143,1395
2024-09-06,17795,1352
2024-09-07,18185,1412
2024-09-08,16230,1415
2024-09-09,16029,1291
2024-09-10,15852,1261
2024-09-11,16698,1344
2024-09-12,17216,1379
2024-09-13,18486,1399
2024-09-14,18506,1452
2024-09-15,16348,1373
2024-09-16,15708,1273
2024-09-17,16250,1325
2024-09-18,16540,1359
2024-09-19,16133,1296
2024-09-20,17187,1315
2024-09-21,17014,1384
2024-09-22,15216,1337
2024-09-23,14582,1283
2024-09-24,14388,1260
2024-09-25,14149,1167
2024-09-26,13737,1177
2024-09-27,17098,1311
2024-09-28,17146,1360
2024-09-29,15038,1307
2024-09-30,13961,1215
2024-10-01,13804,1163
2024-10-02,13992,1145
2024-10-03,14879,1224
2024-10-04,16964,1339
2024-10-05,16761,1356
2024-10-06,14887,1288
2024-10-07,12405,1059
2024-10-08,13913,1261
2024-10-09,14712,1233
2024-10-10,15404,1299
2024-10-11,17162,1355
2024-10-12,17926,1399
2024-10-13,15982,1418
2024-10-14,13925,1258
2024-10-15,13633,1238
2024-10-16,14180,1222
2024-10-17,14573,1243
2024-10-18,16306,1300
2024-10-19,16311,1376
2024-10-20,14213,1276
2024-10-21,13701,1256
2024-10-22,13346,1165
2024-10-23,13291,1141
2024-10-24,13241,1137
2024-10-25,15308,1266
2024-10-26,15232,1245
2024-10-27,12084,1114
2024-10-28,11072,940
2024-10-29,10786,925
2024-10-30,10423,905
2024-10-31,11153,1000
2024-11-01,11481,975
2024-11-02,11114,992
2024-11-03,9090,853
2024-11-04,8828,736
2024-11-05,9038,804
2024-11-06,9987,885
2024-11-07,10075,845
2024-11-08,11261,970
2024-11-09,11389,1058
2024-11-10,9593,967
2024-11-11,9320,881
2024-11-12,8971,767
2024-11-13,9252,824
2024-11-14,9331,786
2024-11-15,10265,884
2024-11-16,10053,924
2024-11-17,8189,888
2024-11-18,8571,761
2024-11-19,8784,800
2024-11-20,9112,779
2024-11-21,8567,701
2024-11-22,9769,843
2024-11-23,8322,768
2024-11-24,7264,741
2024-11-25,8576,752
2024-11-26,8519,688
2024-11-27,9373,818
2024-11-28,5251,513
2024-11-29,9596,896
2024-11-30,9612,921
2024-12-01,7386,741
2024-12-02,8069,714
2024-12-03,8340,738
2024-12-04,8638,733
2024-12-05,8096,719
2024-12-06,10481,902
2024-12-07,10284,889
2024-12-08,7539,799
2024-12-09,8130,739
2024-12-10,7599,670
2024-12-11,7762,745
2024-12-12,9694,836
2024-12-13,11814,1068
2024-12-14,11667,1042
2024-12-15,8702,914
2024-12-16,8654,753
2024-12-17,8948,769
2024-12-18,9066,780
2024-12-19,8934,794
2024-12-20,9356,858
2024-12-21,8212,811
2024-12-22,7503,764
2024-12-23,9034,826
2024-12-24,6767,635
2024-12-25,4361,426
2024-12-26,8291,817
2024-12-27,9776,1005
2024-12-28,8815,848
2024-12-29,7240,813
2024-12-30,8553,785
2024-12-31,10197,957
2025-01-01,6009,625
2025-01-02,8486,769
2025-01-03,8862,821
2025-01-04,7855,838
2025-01-05,5800,620
2025-01-06,7331,641
2025-01-07,7416,662
2025-01-08,7690,736
2025-01-09,7845,690
2025-01-10,8530,764
2025-01-11,6007,548
2025-01-12,6246,654
2025-01-13,7417,672
2025-01-14,7704,671
2025-01-15,7801,708
2025-01-16,7994,664
2025-01-17,8860,748
2025-01-18,8557,882
2025-01-19,6737,743
2025-01-20,5841,533
2025-01-21,6968,601
2025-01-22,7285,656
2025-01-23,7561,646
2025-01-24,8394,737
2025-01-25,7794,799
2025-01-26,6209,691
2025-01-27,7333,685
2025-01-28,7495,645
2025-01-29,6805,598
2025-01-30,7889,693
2025-01-31,8185,710
2025-02-01,6727,634
2025-02-02,6085,633
2025-02-03,6861,574
2025-02-04,7595,657
2025-02-05,7943,695
2025-02-06,4795,522
2025-02-07,8396,753
2025-02-08,7909,741
2025-02-09,3592,387
2025-02-10,7316,650
2025-02-11,7688,664
2025-02-12,7650,700
2025-02-13,7180,659
2025-02-14,10267,837
2025-02-15,8698,871
2025-02-16,2740,239
2025-02-17,6598,623
2025-02-18,7694,669
2025-02-19,8370,740
2025-02-20,8288,685
2025-02-21,9115,870
2025-02-22,8819,874
2025-02-23,7073,733
2025-02-24,7466,636
2025-02-25,7994,694
2025-02-26,8657,754
2025-02-27,7468,647
2025-02-28,9276,826
2025-03-01,8638,850
2025-03-02,6804,707
2025-03-03,7710,634
2025-03-04,8092,701
2025-03-05,7917,661
2025-03-06,8212,688
2025-03-07,9578,891
2025-03-08,9152,894
2025-03-09,7440,769
2025-03-10,8087,736
2025-03-11,8849,786
2025-03-12,8611,744
2025-03-13,8819,794
2025-03-14,10085,887
2025-03-15,10403,1000
2025-03-16,7801,777
2025-03-17,7530,662
2025-03-18,8814,755
2025-03-19,9539,859
2025-03-20,9293,783
2025-03-21,9691,819
2025-03-22,10998,1099
2025-03-23,8139,818
2025-03-24,7032,622
2025-03-25,8583,742
2025-03-26,8882,776
2025-03-27,9752,814
2025-03-28,10936,939
2025-03-29,7299,674
2025-03-30,6605,676
2025-03-31,8045,722
2025-04-01,8939,771
2025-04-02,9212,777
2025-04-03,8825,763
2025-04-04,11399,1005
2025-04-05,9736,898
2025-04-06,7755,745
2025-04-07,8526,741
2025-04-08,8673,743
2025-04-09,9711,803
2025-04-10,10077,834
2025-04-11,10712,913
2025-04-12,8943,763
2025-04-13,8017,809
2025-04-14,11254,1004
2025-04-15,9625,884
2025-04-16,10517,887
2025-04-17,11560,928
2025-04-18,12792,1106
2025-04-19,12980,1175
2025-04-20,10039,927
2025-04-21,10601,951
2025-04-22,11162,948
2025-04-23,11514,950
2025-04-24,12817,1114
2025-04-25,14364,1314
2025-04-26,11174,949
2025-04-27,9793,1009
2025-04-28,11214,944
2025-04-29,11890,1032
2025-04-30,11734,974
2025-05-01,12974,1060
2025-05-02,14721,1180
2025-05-03,15478,1295
2025-05-04,12066,1166
2025-05-05,10508,899
2025-05-06,10442,916
2025-05-07,11407,965
2025-05-08,12556,1031
2025-05-09,13361,1080
2025-05-10,13433,1169
2025-05-11,15396,1412
2025-05-12,12947,1113
2025-05-13,13063,1049
2025-05-14,13806,1135
2025-05-15,14491,1190
2025-05-16,16567,1307
2025-05-17,16320,1349
2025-05-18,14822,1353
2025-05-19,13361,1129
2025-05-20,13179,1144
2025-05-21,14190,1199
2025-05-22,14039,1153
2025-05-23,16259,1268
2025-05-24,17834,1402
2025-05-25,17666,1394
2025-05-26,14833,1320
2025-05-27,14700,1183
2025-05-28,14928,1182
2025-05-29,15034,1173
2025-05-30,16169,1304
2025-05-31,14789,1221
2025-06-01,14381,1278
2025-06-02,14000,1206
2025-06-03,14510,1169
2025-06-04,15840,1293
2025-06-05,16890,1278
2025-06-06,16468,1350
2025-06-07,16143,1320
2025-06-08,15711,1323
2025-06-09,14852,1232
2025-06-10,14617,1169
2025-06-11,16674,1277
2025-06-12,17615,1345
2025-06-13,18092,1335
2025-06-14,17149,1335
2025-06-15,16364,1357
2025-06-16,15909,1310
2025-06-17,15843,1317
2025-06-18,16961,1321
2025-06-19,18976,1389
2025-06-20,19762,1408
2025-06-21,20085,1509
2025-06-22,18819,1464
2025-06-23,18394,1394
2025-06-24,18118,1337
2025-06-25,19016,1417
2025-06-26,18410,1357
2025-06-27,18947,1422
2025-06-28,17590,1323
2025-06-29,17999,1403
2025-06-30,18631,1390
2025-07-01,18547,1364
2025-07-02,19676,1391
2025-07-03,20973,1455
2025-07-04,19972,1333
2025-07-05,20700,1414
2025-07-06,19102,1420
2025-07-07,18667,1394
2025-07-08,17641,1360
2025-07-09,18164,1502
2025-07-10,18047,1349
2025-07-11,19168,1446
2025-07-12,18982,1417
2025-07-13,18192,1383
2025-07-14,18494,1363
2025-07-15,18962,1341
2025-07-16,19642,1411
2025-07-17,19360,1433
2025-07-18,20338,1422
2025-07-19,19806,1453
2025-07-20,17994,1442
2025-07-21,18659,1311
2025-07-22,18952,1429
2025-07-23,19440,1438
2025-07-24,20264,1459
2025-07-25,20138,1411
2025-07-26,19718,1407
2025-07-27,17775,1384
2025-07-28,18768,1390
2025-07-29,19325,1411
2025-07-30,19478,1449
2025-07-31,18425,1369
2025-08-01,19742,1390
2025-08-02,19940,1448
2025-08-03,19145,1450
2025-08-04,19348,1417
2025-08-05,19207,1415
2025-08-06,19551,1392
2025-08-07,19881,1415
2025-08-08,20392,1436
2025-08-09,20240,1397
2025-08-10,19042,1417
2025-08-11,19466,1377
2025-08-12,19495,1426
2025-08-13,19451,1414
2025-08-14,19446,1398
2025-08-15,19971,1406
2025-08-16,19911,1476
2025-08-17,18828,1421
2025-08-18,18170,1398
2025-08-19,18608,1382
2025-08-20,18241,1406
2025-08-21,19105,1425
2025-08-22,19674,1392
2025-08-23,19555,1449
2025-08-24,17628,1368
2025-08-25,16893,1320
2025-08-26,16696,1288
2025-08-27,17198,1335
2025-08-28,17940,1357
2025-08-29,17832,1330
2025-08-30,19040,1456
2025-08-31,19070,1437
2025-09-01,15578,1235
2025-09-02,16073,1266
2025-09-03,16990,1312
2025-09-04,17165,1369
2025-09-05,17915,1355
2025-09-06,17221,1409
2025-09-07,14693,1313
2025-09-08,16222,1302
2025-09-09,16203,1327
2025-09-10,17001,1360
2025-09-11,17536,1389
2025-09-12,18638,1467
2025-09-13,17667,1436
2025-09-14,15771,1323
2025-09-15,15681,1276
2025-09-16,15739,1294
2025-09-17,16225,1351
2025-09-18,17157,1353
2025-09-19,18147,1387
2025-09-20,17720,1401
2025-09-21,15346,1293
2025-09-22,15464,1282
2025-09-23,15208,1325
2025-09-24,14643,1229
2025-09-25,14194,1226
2025-09-26,17362,1329
2025-09-27,17558,1436
2025-09-28,15411,1368
2025-09-29,15068,1252
2025-09-30,14399,1225
2025-10-01,14388,1209
2025-10-02,15538,1312
2025-10-03,16918,1331
2025-10-04,17540,1399
2025-10-05,16017,1392
2025-10-06,15168,1288
2025-10-07,14653,1295
2025-10-08,13498,1170
2025-10-09,15524,1299
2025-10-10,17445,1373
2025-10-11,17790,1436
2025-10-12,15636,1359
2025-10-13,13185,1160
2025-10-14,13653,1183
2025-10-15,14237,1261
2025-10-16,14629,1274
2025-10-17,16374,1354
2025-10-18,16280,1379
2025-10-19,13561,1252
2025-10-20,11594,1033
2025-10-21,12923,1123
2025-10-22,12487,1062
2025-10-23,13939,1201
2025-10-24,14971,1285
2025-10-25,15394,1301
2025-10-26,12332,1166
2025-10-27,11380,973
2025-10-28,11354,1019
2025-10-29,11381,946
2025-10-30,11135,969
2025-10-31,11033,938
2025-11-01,11277,1050
2025-11-02,9266,893
2025-11-03,9517,865
2025-11-04,9804,877
2025-11-05,9659,883
2025-11-06,10059,905
2025-11-07,11127,913
2025-11-08,11243,1080
2025-11-09,8218,829
2025-11-10,8680,760
2025-11-11,9076,818
2025-11-12,9343,783
2025-11-13,9685,854
2025-11-14,10423,896
2025-11-15,9748,918
2025-11-16,7306,777
2025-11-17,8280,713
2025-11-18,8726,823
2025-11-19,9038,798
2025-11-20,9278,819
2025-11-21,9976,843
2025-11-22,9271,882
2025-11-23,7155,725
2025-11-24,8848,773
2025-11-25,9194,789
2025-11-26,9105,837
2025-11-27,6017,614
2025-11-28,9785,936
2025-11-29,10032,969
2025-11-30,7148,731
2025-12-01,8919,782
2025-12-02,4819,437
2025-12-03,8249,712
2025-12-04,9372,777
2025-12-05,10812,1040
2025-12-06,10188,861
2025-12-07,8719,904
2025-12-08,8700,761
2025-12-09,8618,743
2025-12-10,8869,767
2025-12-11,9958,881
2025-12-12,12267,1078
2025-12-13,12239,1070
2025-12-14,7152,750
2025-12-15,8643,805
2025-12-16,8841,789
2025-12-17,9241,795
2025-12-18,9439,822
2025-12-19,8685,739
2025-12-20,9068,834
2025-12-21,7729,839
2025-12-22,9785,868
2025-12-23,8814,819
2025-12-24,6683,632
2025-12-25,4266,427
2025-12-26,7770,744
2025-12-27,7969,799
2025-12-28,7552,796
2025-12-29,6939,629
2025-12-30,9240,839
2025-12-31,10127,943
2026-01-01,6490,635
2026-01-02,9200,883
2026-01-03,8060,803
2026-01-04,5696,586
2026-01-05,7378,710
2026-01-06,7680,691
2026-01-07,6253,587
2026-01-08,8427,772
2026-01-09,8837,757
2026-01-10,8001,792
2026-01-11,5903,622
2026-01-12,7488,725
2026-01-13,8275,771
2026-01-14,8062,720
2026-01-15,8141,786
2026-01-16,8752,785
2026-01-17,6518,619
2026-01-18,6098,641
2026-01-19,6526,598
2026-01-20,7709,670
2026-01-21,7673,696
2026-01-22,8004,731
2026-01-23,8839,769
2026-01-24,6879,695
2026-01-25,3531,498
2026-01-26,2332,199
2026-01-27,6659,574
2026-01-28,7980,693
2026-01-29,8119,736
2026-01-30,8070,709
2026-01-31,7647,741
2026-02-01,5665,597
2026-02-02,7452,674
2026-02-03,7799,675
2026-02-04,7831,703
2026-02-05,8106,696
2026-02-06,8698,759
2026-02-07,6260,584
2026-02-08,5432,578
2026-02-09,7004,639
2026-02-10,7572,687
2026-02-11,7137,625
2026-02-12,8592,735
2026-02-13,9830,851
2026-02-14,10869,1036
2026-02-15,8622,861
2026-02-16,8449,802
2026-02-17,7997,714
2026-02-18,8453,784
2026-02-19,8814,813
2026-02-20,8394,742
2026-02-21,7123,649
2026-02-22,6796,736
2026-02-23,1745,136
2026-02-24,7586,697
2026-02-25,6860,588
2026-02-26,8553,772
2026-02-27,9444,846
2026-02-28,9382,1000
2026-03-01,6106,583
2026-03-02,7678,663
2026-03-03,7326,685
2026-03-04,8121,689
2026-03-05,8566,777
2026-03-06,7603,673
2026-03-07,8368,788
2026-03-08,7643,860
2026-03-09,8621,859
2026-03-10,9802,919
2026-03-11,8472,767
2026-03-12,8492,770
2026-03-13,9783,890
2026-03-14,9167,890
2026-03-15,7528,810
2026-03-16,6958,642
2026-03-17,8637,791
2026-03-18,8773,743
2026-03-19,9231,810
2026-03-20,10260,938
2026-03-21,10410,1019
2026-03-22,6016,623
2026-03-23,7633,701
2026-03-24,8784,833
2026-03-25,9212,865
2026-03-26,9430,795
2026-03-27,10581,971
2026-03-28,10324,966
2026-03-29,8474,859
2026-03-30,9307,815
2026-03-31,8739,731
2026-04-01,9438,826
2026-04-02,9356,817
2026-04-03,11039,916
2026-04-04,10650,968
2026-04-05,7241,705
2026-04-06,9196,845
2026-04-07,8666,700
2026-04-08,10282,858
2026-04-09,10566,897
2026-04-10,12156,1016
2026-04-11,11910,1061
2026-04-12,9170,913
2026-04-13,9580,780
2026-04-14,10504,927
2026-04-15,10175,861
2026-04-16,10869,857
2026-04-17,12125,1022
2026-04-18,12580,1166
2026-04-19,9096,861
2026-04-20,11172,934
2026-04-21,11650,1015
2026-04-22,11368,921
2026-04-23,12754,1073
2026-04-24,13608,1165
2026-04-25,13502,1167
2026-04-26,10290,973
2026-04-27,10746,926
2026-04-28,10845,948
2026-04-29,10921,910
2026-04-30,10491,926
2026-05-01,15618,1271
2026-05-02,15191,1275
2026-05-03,12544,1201
2026-05-04,11791,965
2026-05-05,12407,1048
2026-05-06,11420,953
2026-05-07,12759,1018
2026-05-08,14451,1154
2026-05-09,14331,1218
2026-05-10,14194,1335
2026-05-11,12081,1068
2026-05-12,12694,1089
2026-05-13,12466,1027
2026-05-14,13246,1117
2026-05-15,15290,1219
2026-05-16,17917,1455
2026-05-17,16103,1408
2026-05-18,14269,1171
2026-05-19,14970,1295
2026-05-20,15111,1225
2026-05-21,15980,1267
2026-05-22,17541,1333
2026-05-23,18212,1379
2026-05-24,16516,1390
2026-05-25,13815,1224
2026-05-26,14644,1241
2026-05-27,14653,1143
2026-05-28,14764,1176
2026-05-29,15468,1237
2026-05-30,14548,1223
2026-05-31,13675,1269
2026-06-02,14363,1223
2026-06-03,15402,1236
2026-06-04,16729,1271
2026-06-05,17898,1369
2026-06-06,17625,1348
2026-06-07,15039,1331
2026-06-08,15225,1260
2026-06-09,16117,1275
2026-06-10,16227,1257
2026-06-11,17581,1364
2026-06-12,18403,1360
2026-06-13,19303,1434
