date,total_count,peak_count
2020-01-01,3916.0,423.0
2020-01-02,4584.0,399.0
2020-01-03,4693.0,393.0
2020-01-04,3644.0,356.0
2020-01-05,3194.0,362.0
2020-01-06,3854.0,371.0
2020-01-07,4009.0,366.0
2020-01-08,3836.0,351.0
2020-01-09,4110.0,395.0
2020-01-10,4598.0,384.0
2020-01-11,4977.0,523.0
2020-01-12,3501.0,413.0
2020-01-13,3968.0,416.0
2020-01-14,3979.0,409.0
2020-01-15,4285.0,392.0
2020-01-16,3211.0,313.0
2020-01-17,4485.0,388.0
2020-01-18,3877.0,394.0
2020-01-19,3165.0,333.0
2020-01-20,3990.0,395.0
2020-01-21,3937.0,366.0
2020-01-22,4041.0,369.0
2020-01-23,4214.0,377.0
2020-01-24,4513.0,366.0
2020-01-25,3825.0,348.0
2020-01-26,3742.0,432.0
2020-01-27,4010.0,368.0
2020-01-28,4084.0,382.0
2020-01-29,4108.0,358.0
2020-01-30,4272.0,389.0
2020-01-31,4646.0,381.0
2020-02-01,4316.0,441.0
2020-02-02,3500.0,388.0
2020-02-03,4133.0,382.0
2020-02-04,3985.0,383.0
2020-02-05,4265.0,394.0
2020-02-07,3167.0,276.0
2020-02-08,4515.0,414.0
2020-02-09,3590.0,390.0
2020-02-10,3802.0,366.0
2020-02-11,3975.0,367.0
2020-02-12,4412.0,407.0
2020-02-13,3653.0,302.0
2020-02-14,5195.0,402.0
2020-02-15,5130.0,469.0
2020-02-16,4919.0,545.0
2020-02-17,5090.0,504.0
2020-02-18,3789.0,367.0
2020-02-19,4385.0,411.0
2020-02-20,4722.0,394.0
2020-02-21,4934.0,391.0
2020-02-22,5226.0,531.0
2020-02-23,4926.0,571.0
2020-02-24,4626.0,411.0
2020-02-25,4252.0,399.0
2020-02-26,4289.0,385.0
2020-02-27,4062.0,340.0
2020-02-28,4888.0,402.0
2020-02-29,5020.0,494.0
2020-03-01,4451.0,484.0
2020-03-02,4234.0,383.0
2020-03-03,4581.0,393.0
2020-03-04,4468.0,414.0
2020-03-05,4668.0,406.0
2020-03-06,4900.0,394.0
2020-03-07,5097.0,472.0
2020-03-08,4766.0,499.0
2020-03-09,4974.0,415.0
2020-03-10,4379.0,459.0
2020-03-11,4570.0,379.0
2020-03-12,4600.0,427.0
2020-03-13,4406.0,371.0
2020-03-14,5249.0,551.0
2020-03-15,4509.0,514.0
2020-03-16,4158.0,376.0
2020-03-17,3334.0,318.0
2020-03-18,4049.0,345.0
2020-03-19,3199.0,307.0
2020-03-20,3811.0,323.0
2020-03-21,4214.0,499.0
2020-03-22,3483.0,463.0
2020-03-23,3059.0,298.0
2020-03-24,2798.0,246.0
2020-03-25,3093.0,278.0
2020-03-26,3316.0,291.0
2020-03-27,3665.0,319.0
2020-03-28,3230.0,352.0
2020-03-29,1958.0,202.0
2020-03-30,2744.0,256.0
2020-03-31,3202.0,308.0
2020-04-01,3026.0,281.0
2020-04-02,2433.0,219.0
2020-04-03,2618.0,234.0
2020-04-04,2745.0,297.0
2020-04-05,2230.0,249.0
2020-04-06,2951.0,260.0
2020-04-07,2929.0,262.0
2020-04-08,2844.0,246.0
2020-04-09,2344.0,220.0
2020-04-10,3020.0,259.0
2020-04-11,2965.0,314.0
2020-04-12,2111.0,259.0
2020-04-13,2213.0,199.0
2020-04-14,3310.0,292.0
2020-04-15,3152.0,287.0
2020-04-16,3189.0,272.0
2020-04-17,3402.0,309.0
2020-04-18,2332.0,218.0
2020-04-19,3307.0,421.0
2020-04-20,3161.0,292.0
2020-04-21,3020.0,275.0
2020-04-22,3192.0,272.0
2020-04-23,3625.0,309.0
2020-04-24,3341.0,284.0
2020-04-25,3741.0,410.0
2020-04-26,2489.0,296.0
2020-04-27,2690.0,234.0
2020-04-28,3382.0,294.0
2020-04-29,3793.0,346.0
2020-04-30,3360.0,287.0
2020-05-01,3206.0,274.0
2020-05-02,4159.0,423.0
2020-05-03,3708.0,455.0
2020-05-04,3678.0,325.0
2020-05-05,3822.0,330.0
2020-05-06,3864.0,327.0
2020-05-07,4012.0,364.0
2020-05-08,4474.0,399.0
2020-05-09,3387.0,325.0
2020-05-10,3859.0,453.0
2020-05-11,3595.0,341.0
2020-05-12,4106.0,350.0
2020-05-13,4296.0,354.0
2020-05-14,4770.0,409.0
2020-05-15,4474.0,363.0
2020-05-16,4810.0,480.0
2020-05-17,4162.0,469.0
2020-05-18,4222.0,356.0
2020-05-19,4365.0,362.0
2020-05-20,4752.0,405.0
2020-05-21,5219.0,423.0
2020-05-22,5875.0,506.0
2020-05-23,4989.0,463.0
2020-05-24,4720.0,495.0
2020-05-25,4265.0,455.0
2020-05-26,4908.0,405.0
2020-05-27,5153.0,439.0
2020-05-28,5290.0,442.0
2020-05-29,5549.0,454.0
2020-05-30,5363.0,483.0
2020-05-31,5139.0,543.0
2020-06-01,5372.0,456.0
2020-06-02,5395.0,465.0
2020-06-03,5262.0,427.0
2020-06-04,6136.0,468.0
2020-06-05,6514.0,503.0
2020-06-06,6577.0,591.0
2020-06-07,6188.0,639.0
2020-06-08,6078.0,515.0
2020-06-09,5780.0,466.0
2020-06-10,5825.0,478.0
2020-06-11,5608.0,462.0
2020-06-12,7355.0,573.0
2020-06-13,7431.0,635.0
2020-06-14,7140.0,714.0
2020-06-15,6266.0,522.0
2020-06-16,6263.0,499.0
2020-06-17,6575.0,516.0
2020-06-18,7176.0,557.0
2020-06-19,8342.0,619.0
2020-06-20,8806.0,673.0
2020-06-21,8443.0,735.0
2020-06-22,7105.0,604.0
2020-06-23,7008.0,564.0
2020-06-24,6640.0,533.0
2020-06-25,7387.0,571.0
2020-06-26,8423.0,612.0
2020-06-27,8436.0,671.0
2020-06-28,8007.0,724.0
2020-06-29,6989.0,646.0
2020-06-30,6739.0,584.0
2020-07-01,7458.0,574.0
2020-07-02,8737.0,670.0
2020-07-03,9144.0,769.0
2020-07-04,9364.0,719.0
2020-07-05,9079.0,822.0
2020-07-06,8892.0,745.0
2020-07-07,8700.0,707.0
2020-07-08,7794.0,658.0
2020-07-09,8752.0,668.0
2020-07-10,8825.0,693.0
2020-07-11,8726.0,715.0
2020-07-12,9077.0,725.0
2020-07-13,7992.0,682.0
2020-07-14,7739.0,620.0
2020-07-15,8482.0,670.0
2020-07-16,8704.0,684.0
2020-07-17,9104.0,719.0
2020-07-18,9932.0,741.0
2020-07-19,10013.0,818.0
2020-07-20,9143.0,759.0
2020-07-21,8960.0,678.0
2020-07-22,8508.0,693.0
2020-07-23,8159.0,678.0
2020-07-24,9748.0,739.0
2020-07-25,10469.0,772.0
2020-07-26,9968.0,795.0
2020-07-27,9347.0,741.0
2020-07-28,8901.0,678.0
2020-07-29,9153.0,688.0
2020-07-30,9154.0,734.0
2020-07-31,9804.0,769.0
2020-08-01,10207.0,769.0
2020-08-02,9860.0,796.0
2020-08-03,9533.0,741.0
2020-08-04,8285.0,748.0
2020-08-05,8756.0,658.0
2020-08-06,9713.0,724.0
2020-08-07,10070.0,788.0
2020-08-08,10180.0,789.0
2020-08-09,9946.0,828.0
2020-08-10,9864.0,757.0
2020-08-11,9805.0,760.0
2020-08-12,9861.0,756.0
2020-08-13,9848.0,770.0
2020-08-14,10138.0,821.0
2020-08-15,9778.0,750.0
2020-08-16,9042.0,760.0
2020-08-17,9410.0,804.0
2020-08-18,9398.0,771.0
2020-08-19,9604.0,775.0
2020-08-20,10024.0,759.0
2020-08-21,10299.0,781.0
2020-08-22,10196.0,789.0
2020-08-23,9645.0,809.0
2020-08-24,9048.0,707.0
2020-08-25,8873.0,715.0
2020-08-26,9436.0,785.0
2020-08-27,8888.0,731.0
2020-08-28,9619.0,754.0
2020-08-29,8662.0,731.0
2020-08-30,8963.0,793.0
2020-08-31,8251.0,689.0
2020-09-01,7763.0,589.0
2020-09-02,7500.0,642.0
2020-09-03,8031.0,630.0
2020-09-04,9085.0,677.0
2020-09-05,9946.0,767.0
2020-09-06,10068.0,807.0
2020-09-07,9621.0,787.0
2020-09-08,8464.0,704.0
2020-09-09,7905.0,667.0
2020-09-10,7540.0,631.0
2020-09-11,8532.0,674.0
2020-09-12,9000.0,753.0
2020-09-13,8114.0,789.0
2020-09-14,7469.0,647.0
2020-09-15,7381.0,619.0
2020-09-16,7513.0,628.0
2020-09-17,7644.0,656.0
2020-09-18,8255.0,692.0
2020-09-19,8950.0,775.0
2020-09-20,8165.0,783.0
2020-09-21,7178.0,636.0
2020-09-22,6978.0,596.0
2020-09-23,7037.0,569.0
2020-09-24,7438.0,601.0
2020-09-25,8174.0,684.0
2020-09-26,8997.0,805.0
2020-09-27,8350.0,756.0
2020-09-28,6814.0,606.0
2020-09-29,6390.0,515.0
2020-09-30,5854.0,484.0
2020-10-01,6791.0,549.0
2020-10-02,7196.0,632.0
2020-10-03,8609.0,767.0
2020-10-04,7876.0,752.0
2020-10-05,6483.0,587.0
2020-10-06,6412.0,563.0
2020-10-07,6312.0,546.0
2020-10-08,6868.0,583.0
2020-10-09,7805.0,641.0
2020-10-10,9402.0,829.0
2020-10-11,9026.0,834.0
2020-10-12,8393.0,788.0
2020-10-13,5535.0,519.0
2020-10-14,6837.0,626.0
2020-10-15,7163.0,627.0
2020-10-16,6922.0,571.0
2020-10-17,7467.0,698.0
2020-10-18,7265.0,715.0
2020-10-19,6263.0,568.0
2020-10-20,5777.0,493.0
2020-10-21,5780.0,478.0
2020-10-22,6479.0,590.0
2020-10-23,6912.0,608.0
2020-10-24,7938.0,733.0
2020-10-25,8004.0,832.0
2020-10-26,5749.0,519.0
2020-10-27,5246.0,443.0
2020-10-28,4967.0,436.0
2020-10-29,5187.0,450.0
2020-10-30,5241.0,425.0
2020-10-31,5860.0,560.0
2020-11-01,4496.0,478.0
2020-11-02,4815.0,422.0
2020-11-03,4602.0,436.0
2020-11-04,4580.0,384.0
2020-11-05,5110.0,448.0
2020-11-06,6024.0,539.0
2020-11-07,6668.0,706.0
2020-11-08,5825.0,642.0
2020-11-09,5040.0,444.0
2020-11-10,5234.0,474.0
2020-11-11,5062.0,492.0
2020-11-12,4675.0,407.0
2020-11-13,4907.0,413.0
2020-11-14,5055.0,495.0
2020-11-15,4134.0,470.0
2020-11-16,4395.0,386.0
2020-11-17,4303.0,371.0
2020-11-18,4248.0,371.0
2020-11-19,4403.0,378.0
2020-11-20,4933.0,436.0
2020-11-21,4604.0,470.0
2020-11-22,3607.0,418.0
2020-11-23,3894.0,338.0
2020-11-24,4499.0,386.0
2020-11-25,4649.0,415.0
2020-11-26,1867.0,186.0
2020-11-27,4262.0,459.0
2020-11-28,4515.0,448.0
2020-11-29,4038.0,462.0
2020-11-30,3857.0,367.0
2020-12-01,4023.0,352.0
2020-12-02,4359.0,382.0
2020-12-03,4473.0,377.0
2020-12-04,4973.0,422.0
2020-12-05,3038.0,355.0
2020-12-06,3422.0,329.0
2020-12-07,4086.0,365.0
2020-12-08,4192.0,351.0
2020-12-09,4159.0,357.0
2020-12-10,4628.0,413.0
2020-12-11,4983.0,465.0
2020-12-12,4276.0,478.0
2020-12-13,3730.0,418.0
2020-12-14,4163.0,380.0
2020-12-15,4445.0,406.0
2020-12-16,4561.0,401.0
2020-12-17,1639.0,120.0
2020-12-18,4522.0,407.0
2020-12-19,4372.0,446.0
2020-12-20,3286.0,422.0
2020-12-21,4338.0,400.0
2020-12-22,4661.0,418.0
2020-12-23,4694.0,456.0
2020-12-24,3809.0,392.0
2020-12-25,1470.0,152.0
2020-12-26,3842.0,460.0
2020-12-27,3781.0,442.0
2020-12-28,4301.0,438.0
2020-12-29,4529.0,470.0
2020-12-30,4495.0,416.0
2020-12-31,4641.0,421.0
2021-01-01,3980.0,484.0
2021-01-02,3416.0,357.0
2021-01-03,3286.0,413.0
2021-01-04,3723.0,338.0
2021-01-05,3575.0,313.0
2021-01-06,3852.0,352.0
2021-01-07,4258.0,387.0
2021-01-08,4467.0,401.0
2021-01-09,4183.0,462.0
2021-01-10,3763.0,464.0
2021-01-11,3770.0,311.0
2021-01-12,4077.0,348.0
2021-01-13,3927.0,348.0
2021-01-14,4024.0,355.0
2021-01-15,4507.0,405.0
2021-01-16,3189.0,352.0
2021-01-17,4171.0,488.0
2021-01-18,4329.0,466.0
2021-01-19,3954.0,342.0
2021-01-20,3753.0,337.0
2021-01-21,4035.0,346.0
2021-01-22,4445.0,390.0
2021-01-23,4278.0,469.0
2021-01-24,3183.0,396.0
2021-01-25,3729.0,321.0
2021-01-26,3850.0,327.0
2021-01-27,3515.0,298.0
2021-01-28,3790.0,306.0
2021-01-29,4115.0,339.0
2021-01-30,4056.0,443.0
2021-01-31,3658.0,479.0
2021-02-01,3643.0,335.0
2021-02-02,1527.0,124.0
2021-02-03,3716.0,332.0
2021-02-04,4106.0,345.0
2021-02-05,4071.0,329.0
2021-02-06,4771.0,549.0
2021-02-07,2639.0,326.0
2021-02-08,3720.0,311.0
2021-02-09,3081.0,305.0
2021-02-10,4021.0,341.0
2021-02-11,4232.0,345.0
2021-02-12,4607.0,426.0
2021-02-13,5193.0,547.0
2021-02-14,4444.0,462.0
2021-02-15,4235.0,412.0
2021-02-16,2978.0,295.0
2021-02-17,4400.0,390.0
2021-02-18,4300.0,368.0
2021-02-19,3525.0,290.0
2021-02-20,4624.0,464.0
2021-02-21,4410.0,536.0
2021-02-22,3722.0,323.0
2021-02-23,4139.0,363.0
2021-02-24,4692.0,413.0
2021-02-25,4590.0,376.0
2021-02-26,5110.0,449.0
2021-02-27,3689.0,344.0
2021-02-28,4508.0,543.0
2021-03-01,3916.0,344.0
2021-03-02,3723.0,332.0
2021-03-03,4389.0,383.0
2021-03-04,4382.0,358.0
2021-03-05,4785.0,412.0
2021-03-06,5120.0,546.0
2021-03-07,4507.0,515.0
2021-03-08,4273.0,357.0
2021-03-09,4533.0,391.0
2021-03-10,4866.0,432.0
2021-03-11,5489.0,538.0
2021-03-12,5967.0,572.0
2021-03-13,5745.0,611.0
2021-03-14,4487.0,513.0
2021-03-15,4152.0,367.0
2021-03-16,4364.0,378.0
2021-03-17,4675.0,387.0
2021-03-18,4463.0,379.0
2021-03-19,5316.0,444.0
2021-03-20,6377.0,628.0
2021-03-21,6152.0,705.0
2021-03-22,4985.0,427.0
2021-03-23,4897.0,403.0
2021-03-24,4759.0,395.0
2021-03-25,4713.0,377.0
2021-03-26,5319.0,412.0
2021-03-27,6595.0,632.0
2021-03-28,4096.0,471.0
2021-03-29,4757.0,392.0
2021-03-30,5072.0,439.0
2021-03-31,5095.0,448.0
2021-04-01,4828.0,387.0
2021-04-02,6101.0,509.0
2021-04-03,6146.0,566.0
2021-04-04,4668.0,485.0
2021-04-05,4736.0,405.0
2021-04-06,5177.0,442.0
2021-04-07,5425.0,429.0
2021-04-08,5737.0,460.0
2021-04-09,6824.0,570.0
2021-04-10,7730.0,737.0
2021-04-11,5525.0,558.0
2021-04-12,5227.0,448.0
2021-04-13,5493.0,440.0
2021-04-14,5850.0,481.0
2021-04-15,5838.0,456.0
2021-04-16,5279.0,403.0
2021-04-17,6548.0,590.0
2021-04-18,7016.0,699.0
2021-04-19,6923.0,627.0
2021-04-20,7060.0,627.0
2021-04-21,6123.0,558.0
2021-04-22,6761.0,605.0
2021-04-23,7617.0,658.0
2021-04-24,8641.0,825.0
2021-04-25,5884.0,635.0
2021-04-26,5754.0,484.0
2021-04-27,6125.0,513.0
2021-04-28,5686.0,471.0
2021-04-29,5886.0,474.0
2021-04-30,6805.0,566.0
2021-05-01,7971.0,717.0
2021-05-02,7935.0,785.0
2021-05-03,6172.0,519.0
2021-05-04,5737.0,478.0
2021-05-05,5495.0,467.0
2021-05-06,6694.0,536.0
2021-05-07,7499.0,629.0
2021-05-08,7969.0,675.0
2021-05-09,8692.0,796.0
2021-05-10,6342.0,516.0
2021-05-11,6451.0,514.0
2021-05-12,6734.0,548.0
2021-05-13,7231.0,552.0
2021-05-14,8442.0,667.0
2021-05-15,9097.0,746.0
2021-05-16,8432.0,782.0
2021-05-17,7406.0,600.0
2021-05-18,7188.0,594.0
2021-05-19,7738.0,622.0
2021-05-20,7966.0,640.0
2021-05-21,8605.0,679.0
2021-05-22,9108.0,733.0
2021-05-23,9109.0,815.0
2021-05-24,7649.0,613.0
2021-05-25,7571.0,612.0
2021-05-26,7880.0,639.0
2021-05-27,8361.0,642.0
2021-05-28,8667.0,683.0
2021-05-29,9189.0,759.0
2021-05-30,8890.0,829.0
2021-05-31,8951.0,835.0
2021-06-01,7746.0,597.0
2021-06-02,7800.0,601.0
2021-06-03,7815.0,633.0
2021-06-04,8632.0,643.0
2021-06-05,9664.0,761.0
2021-06-06,9795.0,854.0
2021-06-07,8986.0,709.0
2021-06-08,8486.0,672.0
2021-06-09,8374.0,648.0
2021-06-10,8846.0,676.0
2021-06-11,8958.0,698.0
2021-06-12,9878.0,754.0
2021-06-13,9637.0,817.0
2021-06-14,8436.0,689.0
2021-06-15,8262.0,673.0
2021-06-16,9075.0,716.0
2021-06-17,9337.0,712.0
2021-06-18,10050.0,798.0
2021-06-19,10294.0,773.0
2021-06-20,10292.0,866.0
2021-06-21,9950.0,782.0
2021-06-22,9166.0,783.0
2021-06-23,9816.0,750.0
2021-06-24,10220.0,800.0
2021-06-25,10012.0,792.0
2021-06-26,9977.0,785.0
2021-06-27,10249.0,812.0
2021-06-28,10169.0,787.0
2021-06-29,10107.0,728.0
2021-06-30,9467.0,741.0
2021-07-01,9537.0,777.0
2021-07-02,9271.0,757.0
2021-07-03,9525.0,746.0
2021-07-04,9706.0,777.0
2021-07-05,10097.0,774.0
2021-07-06,10704.0,800.0
2021-07-07,10609.0,798.0
2021-07-08,9887.0,760.0
2021-07-09,9010.0,654.0
2021-07-10,10223.0,800.0
2021-07-11,10120.0,779.0
2021-07-12,9619.0,809.0
2021-07-13,9649.0,758.0
2021-07-14,9789.0,764.0
2021-07-15,10308.0,792.0
2021-07-16,10334.0,753.0
2021-07-17,10419.0,826.0
2021-07-18,9482.0,759.0
2021-07-19,9612.0,727.0
2021-07-20,10223.0,785.0
2021-07-21,10301.0,767.0
2021-07-22,10681.0,764.0
2021-07-23,10584.0,794.0
2021-07-24,10372.0,780.0
2021-07-25,9842.0,784.0
2021-07-26,10232.0,777.0
2021-07-27,10309.0,769.0
2021-07-28,10473.0,824.0
2021-07-29,10001.0,759.0
2021-07-30,10248.0,761.0
2021-07-31,10351.0,806.0
2021-08-01,10082.0,801.0
2021-08-02,10262.0,772.0
2021-08-03,10380.0,800.0
2021-08-04,10378.0,822.0
2021-08-05,9668.0,741.0
2021-08-06,10300.0,823.0
2021-08-07,10452.0,773.0
2021-08-08,10315.0,778.0
2021-08-09,9616.0,744.0
2021-08-10,10001.0,732.0
2021-08-11,10375.0,799.0
2021-08-12,10403.0,764.0
2021-08-13,10171.0,770.0
2021-08-14,10616.0,830.0
2021-08-15,9924.0,789.0
2021-08-16,10401.0,798.0
2021-08-17,10314.0,783.0
2021-08-18,10170.0,773.0
2021-08-19,9336.0,730.0
2021-08-20,10044.0,773.0
2021-08-21,10255.0,811.0
2021-08-22,8063.0,691.0
2021-08-23,8392.0,694.0
2021-08-24,9451.0,739.0
2021-08-25,10227.0,781.0
2021-08-26,10343.0,773.0
2021-08-27,10080.0,765.0
2021-08-28,9769.0,766.0
2021-08-29,9162.0,762.0
2021-08-30,8742.0,737.0
2021-08-31,8309.0,671.0
2021-09-01,8108.0,658.0
2021-09-02,8123.0,673.0
2021-09-03,8910.0,693.0
2021-09-04,9661.0,763.0
2021-09-05,9670.0,774.0
2021-09-06,9556.0,790.0
2021-09-07,9116.0,744.0
2021-09-08,8780.0,705.0
2021-09-09,8122.0,687.0
2021-09-10,9150.0,691.0
2021-09-11,9799.0,762.0
2021-09-12,9240.0,774.0
2021-09-13,8626.0,728.0
2021-09-14,8458.0,682.0
2021-09-15,8008.0,682.0
2021-09-16,8507.0,709.0
2021-09-17,8803.0,688.0
2021-09-18,9329.0,804.0
2021-09-19,8979.0,758.0
2021-09-20,8501.0,716.0
2021-09-21,8375.0,690.0
2021-09-22,8256.0,701.0
2021-09-23,8287.0,683.0
2021-09-24,8350.0,657.0
2021-09-25,8978.0,750.0
2021-09-26,8290.0,767.0
2021-09-27,7679.0,637.0
2021-09-28,7430.0,600.0
2021-09-29,7608.0,619.0
2021-09-30,7784.0,641.0
2021-10-01,8636.0,712.0
2021-10-02,9052.0,752.0
2021-10-03,8130.0,757.0
2021-10-04,7211.0,631.0
2021-10-05,7028.0,583.0
2021-10-06,7636.0,666.0
2021-10-07,8251.0,659.0
2021-10-08,8744.0,694.0
2021-10-09,9191.0,756.0
2021-10-10,9098.0,798.0
2021-10-11,8722.0,725.0
2021-10-12,7797.0,653.0
2021-10-13,7781.0,668.0
2021-10-14,8201.0,684.0
2021-10-15,8288.0,660.0
2021-10-16,8651.0,738.0
2021-10-17,7734.0,763.0
2021-10-18,6845.0,591.0
2021-10-19,6595.0,555.0
2021-10-20,6827.0,590.0
2021-10-21,7232.0,624.0
2021-10-22,8119.0,674.0
2021-10-23,8497.0,719.0
2021-10-24,7397.0,738.0
2021-10-25,5500.0,453.0
2021-10-26,4773.0,403.0
2021-10-27,5201.0,429.0
2021-10-28,6303.0,537.0
2021-10-29,6890.0,571.0
2021-10-30,5792.0,566.0
2021-10-31,5452.0,552.0
2021-11-01,5373.0,444.0
2021-11-02,5194.0,446.0
2021-11-03,5239.0,436.0
2021-11-04,5471.0,462.0
2021-11-05,5991.0,509.0
2021-11-06,6475.0,643.0
2021-11-07,5288.0,584.0
2021-11-08,5018.0,468.0
2021-11-09,5149.0,430.0
2021-11-10,5103.0,431.0
2021-11-11,5761.0,515.0
2021-11-12,5241.0,455.0
2021-11-13,5937.0,586.0
2021-11-14,5064.0,584.0
2021-11-15,4574.0,396.0
2021-11-16,4589.0,382.0
2021-11-17,4731.0,395.0
2021-11-18,5307.0,474.0
2021-11-19,5378.0,450.0
2021-11-20,5122.0,503.0
2021-11-21,4281.0,481.0
2021-11-22,4467.0,380.0
2021-11-23,4815.0,408.0
2021-11-24,5067.0,420.0
2021-11-25,2997.0,313.0
2021-11-26,4869.0,472.0
2021-11-27,5189.0,520.0
2021-11-28,3949.0,478.0
2021-11-29,4400.0,369.0
2021-11-30,4486.0,372.0
2021-12-01,4680.0,367.0
2021-12-02,4746.0,376.0
2021-12-03,5673.0,483.0
2021-12-04,5697.0,534.0
2021-12-05,4916.0,577.0
2021-12-06,4425.0,401.0
2021-12-07,4745.0,402.0
2021-12-08,4207.0,375.0
2021-12-09,4947.0,429.0
2021-12-10,5747.0,509.0
2021-12-11,5643.0,560.0
2021-12-12,5088.0,580.0
2021-12-13,4956.0,446.0
2021-12-14,4736.0,401.0
2021-12-15,4980.0,419.0
2021-12-16,4878.0,410.0
2021-12-17,5617.0,470.0
2021-12-18,4067.0,469.0
2021-12-19,3416.0,340.0
2021-12-20,4605.0,397.0
2021-12-21,4922.0,417.0
2021-12-22,3811.0,340.0
2021-12-23,4955.0,482.0
2021-12-24,3630.0,387.0
2021-12-25,1462.0,146.0
2021-12-26,3118.0,321.0
2021-12-27,4703.0,447.0
2021-12-28,4484.0,442.0
2021-12-29,4940.0,484.0
2021-12-30,5132.0,493.0
2021-12-31,5028.0,491.0
2022-01-01,3666.0,375.0
2022-01-02,3419.0,414.0
2022-01-03,4005.0,340.0
2022-01-04,4130.0,368.0
2022-01-05,3716.0,326.0
2022-01-06,4519.0,407.0
2022-01-07,2122.0,175.0
2022-01-08,3893.0,395.0
2022-01-09,2514.0,255.0
2022-01-10,3883.0,338.0
2022-01-11,3504.0,320.0
2022-01-12,3992.0,353.0
2022-01-13,4200.0,361.0
2022-01-14,4476.0,413.0
2022-01-15,3843.0,401.0
2022-01-16,3688.0,390.0
2022-01-17,2905.0,269.0
2022-01-18,3935.0,343.0
2022-01-19,4022.0,343.0
2022-01-20,4109.0,356.0
2022-01-21,4415.0,392.0
2022-01-22,4142.0,422.0
2022-01-23,3454.0,386.0
2022-01-24,3909.0,333.0
2022-01-25,3659.0,310.0
2022-01-26,4110.0,349.0
2022-01-27,4212.0,351.0
2022-01-28,4686.0,377.0
2022-01-29,788.0,81.0
2022-01-30,2484.0,265.0
2022-01-31,3812.0,320.0
2022-02-01,3825.0,327.0
2022-02-02,4185.0,337.0
2022-02-03,4126.0,336.0
2022-02-04,1969.0,155.0
2022-02-05,3978.0,401.0
2022-02-06,3632.0,424.0
2022-02-07,3681.0,311.0
2022-02-08,3734.0,357.0
2022-02-09,4313.0,374.0
2022-02-10,4380.0,360.0
2022-02-11,5192.0,444.0
2022-02-12,5895.0,647.0
2022-02-13,3392.0,367.0
2022-02-14,4419.0,356.0
2022-02-15,4023.0,335.0
2022-02-16,4231.0,356.0
2022-02-17,4696.0,383.0
2022-02-18,4851.0,404.0
2022-02-19,4896.0,479.0
2022-02-20,5157.0,581.0
2022-02-21,5560.0,554.0
2022-02-22,4413.0,374.0
2022-02-23,5498.0,536.0
2022-02-24,5007.0,408.0
2022-02-25,1833.0,165.0
2022-02-26,4250.0,411.0
2022-02-27,3935.0,400.0
2022-02-28,4143.0,360.0
2022-03-01,4049.0,353.0
2022-03-02,4271.0,385.0
2022-03-03,4243.0,351.0
2022-03-04,4829.0,399.0
2022-03-05,4912.0,488.0
2022-03-06,4199.0,442.0
2022-03-07,3946.0,343.0
2022-03-08,4279.0,372.0
2022-03-09,4109.0,347.0
2022-03-10,4599.0,368.0
2022-03-11,5159.0,479.0
2022-03-12,3841.0,357.0
2022-03-13,3889.0,426.0
2022-03-14,4443.0,358.0
2022-03-15,4356.0,373.0
2022-03-16,4708.0,404.0
2022-03-17,4708.0,388.0
2022-03-18,6274.0,570.0
2022-03-19,4532.0,409.0
2022-03-20,5053.0,556.0
2022-03-21,4634.0,402.0
2022-03-22,4574.0,389.0
2022-03-23,4770.0,396.0
2022-03-24,4374.0,367.0
2022-03-25,5610.0,494.0
2022-03-26,5858.0,568.0
2022-03-27,4826.0,536.0
2022-03-28,4440.0,401.0
2022-03-29,4587.0,396.0
2022-03-30,4910.0,386.0
2022-03-31,4959.0,420.0
2022-04-01,5535.0,443.0
2022-04-02,6153.0,569.0
2022-04-03,5072.0,499.0
2022-04-04,5076.0,419.0
2022-04-05,5124.0,432.0
2022-04-06,4947.0,436.0
2022-04-07,5178.0,437.0
2022-04-08,5583.0,455.0
2022-04-09,5902.0,539.0
2022-04-10,5690.0,570.0
2022-04-11,5415.0,442.0
2022-04-12,5283.0,451.0
2022-04-13,5522.0,442.0
2022-04-14,5339.0,437.0
2022-04-15,7006.0,584.0
2022-04-16,6240.0,562.0
2022-04-17,5469.0,567.0
2022-04-18,6176.0,520.0
2022-04-19,5488.0,463.0
2022-04-20,6821.0,570.0
2022-04-21,6914.0,576.0
2022-04-22,7941.0,674.0
2022-04-23,7644.0,713.0
2022-04-24,6112.0,631.0
2022-04-25,5616.0,452.0
2022-04-26,5272.0,433.0
2022-04-27,5458.0,450.0
2022-04-28,6050.0,533.0
2022-04-29,6933.0,567.0
2022-04-30,7190.0,670.0
2022-05-01,7258.0,677.0
2022-05-02,6041.0,488.0
2022-05-03,6035.0,486.0
2022-05-04,5587.0,433.0
2022-05-05,6753.0,573.0
2022-05-06,7458.0,608.0
2022-05-07,8247.0,692.0
2022-05-08,8016.0,788.0
2022-05-09,6214.0,516.0
2022-05-10,6470.0,520.0
2022-05-11,6774.0,538.0
2022-05-12,7405.0,574.0
2022-05-13,8291.0,613.0
2022-05-14,9391.0,774.0
2022-05-15,7906.0,794.0
2022-05-16,6809.0,564.0
2022-05-17,7075.0,558.0
2022-05-18,7274.0,580.0
2022-05-19,7161.0,602.0
2022-05-20,8706.0,685.0
2022-05-21,9699.0,811.0
2022-05-22,9221.0,833.0
2022-05-23,7777.0,684.0
2022-05-24,7283.0,592.0
2022-05-25,7477.0,629.0
2022-05-26,7971.0,625.0
2022-05-27,8436.0,635.0
2022-05-28,9049.0,701.0
2022-05-29,10181.0,787.0
2022-05-30,9741.0,837.0
2022-05-31,8043.0,659.0
2022-06-01,7269.0,588.0
2022-06-02,7468.0,579.0
2022-06-03,8095.0,613.0
2022-06-04,8934.0,706.0
2022-06-05,8837.0,768.0
2022-06-06,7796.0,598.0
2022-06-07,7884.0,592.0
2022-06-08,7812.0,628.0
2022-06-09,7667.0,602.0
2022-06-10,9155.0,669.0
2022-06-11,9269.0,717.0
2022-06-12,9145.0,819.0
2022-06-13,8423.0,673.0
2022-06-14,8514.0,660.0
2022-06-15,8876.0,723.0
2022-06-16,9087.0,697.0
2022-06-17,9249.0,725.0
2022-06-18,9642.0,765.0
2022-06-19,9315.0,829.0
2022-06-20,9384.0,767.0
2022-06-21,8926.0,679.0
2022-06-22,9166.0,729.0
2022-06-23,9227.0,712.0
2022-06-24,9957.0,725.0
2022-06-25,10562.0,817.0
2022-06-26,9991.0,774.0
2022-06-27,9400.0,745.0
2022-06-28,9149.0,724.0
2022-06-29,9678.0,770.0
2022-06-30,9866.0,785.0
2022-07-01,9936.0,736.0
2022-07-02,10143.0,764.0
2022-07-03,10362.0,774.0
2022-07-04,10283.0,740.0
2022-07-05,9887.0,823.0
2022-07-06,10109.0,761.0
2022-07-07,10132.0,749.0
2022-07-08,10284.0,768.0
2022-07-09,10304.0,819.0
2022-07-10,10035.0,795.0
2022-07-11,9959.0,755.0
2022-07-12,9677.0,787.0
2022-07-13,10073.0,773.0
2022-07-14,10078.0,786.0
2022-07-15,10348.0,755.0
2022-07-16,10254.0,830.0
2022-07-17,10336.0,884.0
2022-07-18,9787.0,770.0
2022-07-19,9998.0,758.0
2022-07-20,10546.0,807.0
2022-07-21,10093.0,773.0
2022-07-22,10602.0,804.0
2022-07-23,10180.0,805.0
2022-07-24,10385.0,803.0
2022-07-25,10077.0,810.0
2022-07-26,10386.0,786.0
2022-07-27,10370.0,785.0
2022-07-28,10188.0,782.0
2022-07-29,10681.0,811.0
2022-07-30,10388.0,816.0
2022-07-31,10560.0,869.0
2022-08-01,10232.0,793.0
2022-08-02,10361.0,817.0
2022-08-03,10421.0,810.0
2022-08-04,10498.0,809.0
2022-08-05,10161.0,784.0
2022-08-06,10302.0,768.0
2022-08-07,10363.0,812.0
2022-08-08,10399.0,754.0
2022-08-09,9883.0,788.0
2022-08-10,9884.0,800.0
2022-08-11,10125.0,782.0
2022-08-12,10265.0,804.0
2022-08-13,10065.0,775.0
2022-08-14,10171.0,779.0
2022-08-15,10354.0,798.0
2022-08-16,10200.0,786.0
2022-08-17,9131.0,713.0
2022-08-18,9659.0,742.0
2022-08-19,10071.0,748.0
2022-08-20,10158.0,801.0
2022-08-21,10251.0,789.0
2022-08-22,9103.0,771.0
2022-08-23,9458.0,757.0
2022-08-24,9825.0,722.0
2022-08-25,9914.0,778.0
2022-08-26,9346.0,693.0
2022-08-27,9867.0,773.0
2022-08-28,9539.0,796.0
2022-08-29,8997.0,728.0
2022-08-30,8559.0,681.0
2022-08-31,8268.0,670.0
2022-09-01,8639.0,690.0
2022-09-02,9119.0,667.0
2022-09-03,9780.0,788.0
2022-09-04,9901.0,772.0
2022-09-05,8582.0,748.0
2022-09-06,7890.0,640.0
2022-09-07,8135.0,646.0
2022-09-08,8693.0,686.0
2022-09-09,9102.0,728.0
2022-09-10,9139.0,744.0
2022-09-11,8688.0,734.0
2022-09-12,8587.0,678.0
2022-09-13,7808.0,675.0
2022-09-14,8235.0,683.0
2022-09-15,8667.0,713.0
2022-09-16,8744.0,684.0
2022-09-17,9059.0,700.0
2022-09-18,8461.0,751.0
2022-09-19,7474.0,636.0
2022-09-20,7669.0,623.0
2022-09-21,7984.0,645.0
2022-09-22,7348.0,597.0
2022-09-23,8620.0,692.0
2022-09-24,8941.0,733.0
2022-09-25,8076.0,762.0
2022-09-26,7471.0,651.0
2022-09-27,7392.0,622.0
2022-09-28,7651.0,651.0
2022-09-29,7830.0,669.0
2022-09-30,8110.0,632.0
2022-10-01,8329.0,693.0
2022-10-02,7457.0,755.0
2022-10-03,7261.0,601.0
2022-10-04,7158.0,592.0
2022-10-05,6913.0,633.0
2022-10-06,7837.0,648.0
2022-10-07,8358.0,693.0
2022-10-08,9038.0,745.0
2022-10-09,8538.0,755.0
2022-10-10,8341.0,757.0
2022-10-11,7351.0,597.0
2022-10-12,7530.0,670.0
2022-10-13,7372.0,629.0
2022-10-14,7123.0,561.0
2022-10-15,8831.0,741.0
2022-10-16,7515.0,717.0
2022-10-17,6438.0,538.0
2022-10-18,6249.0,567.0
2022-10-19,6790.0,558.0
2022-10-20,7075.0,612.0
2022-10-21,7823.0,664.0
2022-10-22,8414.0,713.0
2022-10-23,6865.0,665.0
2022-10-24,5641.0,476.0
2022-10-25,5650.0,472.0
2022-10-26,5700.0,506.0
2022-10-27,6546.0,577.0
2022-10-28,6961.0,570.0
2022-10-29,6961.0,672.0
2022-10-30,5877.0,624.0
2022-10-31,5120.0,428.0
2022-11-01,4854.0,398.0
2022-11-02,5146.0,452.0
2022-11-03,5405.0,452.0
2022-11-04,6034.0,536.0
2022-11-05,6815.0,630.0
2022-11-06,5627.0,634.0
2022-11-07,5335.0,478.0
2022-11-08,4834.0,403.0
2022-11-09,4811.0,406.0
2022-11-10,5387.0,433.0
2022-11-11,6088.0,514.0
2022-11-12,5824.0,532.0
2022-11-13,4354.0,483.0
2022-11-14,4614.0,417.0
2022-11-15,4525.0,362.0
2022-11-16,4189.0,360.0
2022-11-17,4768.0,387.0
2022-11-18,5277.0,434.0
2022-11-19,4792.0,444.0
2022-11-20,3850.0,412.0
2022-11-21,4592.0,410.0
2022-11-22,4768.0,395.0
2022-11-23,4918.0,409.0
2022-11-24,2907.0,321.0
2022-11-25,4585.0,407.0
2022-11-26,5298.0,511.0
2022-11-27,3915.0,406.0
2022-11-28,4441.0,356.0
2022-11-29,4508.0,388.0
2022-11-30,4252.0,361.0
2022-12-01,4920.0,393.0
2022-12-02,5612.0,483.0
2022-12-03,4906.0,437.0
2022-12-04,5081.0,550.0
2022-12-05,4631.0,406.0
2022-12-06,4577.0,386.0
2022-12-07,4237.0,353.0
2022-12-08,5099.0,425.0
2022-12-09,6131.0,515.0
2022-12-10,6387.0,638.0
2022-12-11,4550.0,559.0
2022-12-12,4590.0,400.0
2022-12-13,4638.0,381.0
2022-12-14,4517.0,368.0
2022-12-15,4745.0,399.0
2022-12-16,3945.0,326.0
2022-12-17,3743.0,348.0
2022-12-18,3815.0,408.0
2022-12-19,4600.0,420.0
2022-12-20,4733.0,408.0
2022-12-21,4757.0,406.0
2022-12-22,5086.0,426.0
2022-12-23,3711.0,326.0
2022-12-24,3571.0,397.0
2022-12-25,2264.0,227.0
2022-12-26,3800.0,415.0
2022-12-27,4701.0,420.0
2022-12-28,5010.0,476.0
2022-12-29,5443.0,497.0
2022-12-30,5849.0,557.0
2022-12-31,4975.0,476.0
2023-01-01,4201.0,504.0
2023-01-02,4260.0,477.0
2023-01-03,3898.0,333.0
2023-01-04,4148.0,342.0
2023-01-05,3918.0,349.0
2023-01-06,3717.0,319.0
2023-01-07,4140.0,442.0
2023-01-08,3395.0,414.0
2023-01-09,4105.0,366.0
2023-01-10,4191.0,354.0
2023-01-11,4140.0,354.0
2023-01-12,3762.0,340.0
2023-01-13,4321.0,367.0
2023-01-14,4049.0,372.0
2023-01-15,3782.0,419.0
2023-01-16,3151.0,311.0
2023-01-17,4195.0,362.0
2023-01-18,4287.0,368.0
2023-01-19,4358.0,363.0
2023-01-20,2759.0,225.0
2023-01-21,4189.0,404.0
2023-01-22,3237.0,386.0
2023-01-23,2816.0,236.0
2023-01-24,4370.0,374.0
2023-01-25,4037.0,382.0
2023-01-26,3849.0,312.0
2023-01-27,4715.0,389.0
2023-01-28,4741.0,477.0
2023-01-29,3622.0,419.0
2023-01-30,4140.0,349.0
2023-01-31,4151.0,336.0
2023-02-01,4188.0,357.0
2023-02-02,4306.0,350.0
2023-02-03,3897.0,330.0
2023-02-04,3157.0,300.0
2023-02-05,3806.0,424.0
2023-02-06,4047.0,356.0
2023-02-07,4175.0,370.0
2023-02-08,4416.0,367.0
2023-02-09,4326.0,365.0
2023-02-10,5190.0,498.0
2023-02-11,5139.0,518.0
2023-02-12,4016.0,452.0
2023-02-13,4256.0,372.0
2023-02-14,4938.0,401.0
2023-02-15,4443.0,370.0
2023-02-16,4881.0,399.0
2023-02-17,4743.0,390.0
2023-02-18,5384.0,521.0
2023-02-19,5117.0,568.0
2023-02-20,5048.0,484.0
2023-02-21,4495.0,401.0
2023-02-22,4861.0,422.0
2023-02-23,2473.0,215.0
2023-02-24,4509.0,373.0
2023-02-25,4227.0,415.0
2023-02-26,3128.0,336.0
2023-02-27,4150.0,338.0
2023-02-28,2432.0,232.0
2023-03-01,4317.0,374.0
2023-03-02,4004.0,339.0
2023-03-03,5222.0,433.0
2023-03-04,1813.0,167.0
2023-03-05,4002.0,441.0
2023-03-06,4329.0,372.0
2023-03-07,4358.0,352.0
2023-03-08,4456.0,386.0
2023-03-09,4638.0,373.0
2023-03-10,5370.0,464.0
2023-03-11,4834.0,434.0
2023-03-12,4646.0,487.0
2023-03-13,4502.0,361.0
2023-03-14,2033.0,204.0
2023-03-15,3969.0,336.0
2023-03-16,4766.0,399.0
2023-03-17,5271.0,491.0
2023-03-18,5563.0,575.0
2023-03-19,4283.0,450.0
2023-03-20,4678.0,374.0
2023-03-21,4918.0,417.0
2023-03-22,4977.0,419.0
2023-03-23,4689.0,404.0
2023-03-24,5623.0,460.0
2023-03-25,4952.0,448.0
2023-03-26,4611.0,487.0
2023-03-27,4833.0,400.0
2023-03-28,4629.0,383.0
2023-03-29,5017.0,402.0
2023-03-30,4995.0,398.0
2023-03-31,5561.0,435.0
2023-04-01,4846.0,436.0
2023-04-02,4952.0,534.0
2023-04-03,4961.0,403.0
2023-04-04,4927.0,421.0
2023-04-05,5087.0,449.0
2023-04-06,5287.0,425.0
2023-04-07,6433.0,512.0
2023-04-08,6132.0,556.0
2023-04-09,4995.0,522.0
2023-04-10,5356.0,446.0
2023-04-11,5595.0,474.0
2023-04-12,5768.0,460.0
2023-04-13,6564.0,543.0
2023-04-14,7679.0,609.0
2023-04-15,7215.0,652.0
2023-04-16,5676.0,577.0
2023-04-17,5216.0,452.0
2023-04-18,5702.0,460.0
2023-04-19,5813.0,473.0
2023-04-20,6493.0,505.0
2023-04-21,6896.0,561.0
2023-04-22,6721.0,598.0
2023-04-23,4714.0,506.0
2023-04-24,4963.0,419.0
2023-04-25,5166.0,434.0
2023-04-26,5634.0,437.0
2023-04-27,6121.0,488.0
2023-04-28,7158.0,590.0
2023-04-29,6612.0,567.0
2023-04-30,4842.0,488.0
2023-05-01,5579.0,468.0
2023-05-02,5372.0,452.0
2023-05-03,5742.0,475.0
2023-05-04,6049.0,466.0
2023-05-05,7400.0,593.0
2023-05-06,8689.0,760.0
2023-05-07,8155.0,752.0
2023-05-08,6843.0,572.0
2023-05-09,6304.0,512.0
2023-05-10,6783.0,531.0
2023-05-11,7325.0,563.0
2023-05-12,8249.0,631.0
2023-05-13,9009.0,748.0
2023-05-14,8432.0,785.0
2023-05-15,6896.0,561.0
2023-05-16,7011.0,570.0
2023-05-17,7338.0,588.0
2023-05-18,7696.0,610.0
2023-05-19,8933.0,678.0
2023-05-20,8876.0,708.0
2023-05-21,8918.0,766.0
2023-05-22,7639.0,665.0
2023-05-23,7496.0,595.0
2023-05-24,7423.0,623.0
2023-05-25,7969.0,651.0
2023-05-26,8593.0,620.0
2023-05-27,9560.0,752.0
2023-05-28,10254.0,790.0
2023-05-29,9040.0,775.0
2023-05-30,7909.0,658.0
2023-05-31,7471.0,607.0
2023-06-01,7901.0,641.0
2023-06-02,8151.0,611.0
2023-06-03,8241.0,688.0
2023-06-04,7316.0,708.0
2023-06-05,7120.0,595.0
2023-06-06,7452.0,563.0
2023-06-07,7718.0,635.0
2023-06-08,7965.0,657.0
2023-06-09,8751.0,674.0
2023-06-10,8957.0,694.0
2023-06-11,9142.0,738.0
2023-06-12,8320.0,656.0
2023-06-13,7711.0,614.0
2023-06-14,8291.0,641.0
2023-06-15,8935.0,684.0
2023-06-16,9263.0,723.0
2023-06-17,8777.0,690.0
2023-06-18,9065.0,753.0
2023-06-19,9080.0,775.0
2023-06-20,8899.0,706.0
2023-06-21,9146.0,709.0
2023-06-22,9686.0,724.0
2023-06-23,10079.0,748.0
2023-06-24,9306.0,732.0
2023-06-25,9625.0,783.0
2023-06-26,8689.0,713.0
2023-06-27,8890.0,709.0
2023-06-28,9011.0,705.0
2023-06-29,9197.0,707.0
2023-06-30,9782.0,734.0
2023-07-01,9701.0,736.0
2023-07-02,9300.0,730.0
2023-07-03,9945.0,746.0
2023-07-04,9284.0,712.0
2023-07-05,10389.0,775.0
2023-07-06,10420.0,802.0
2023-07-07,10426.0,777.0
2023-07-08,9810.0,777.0
2023-07-09,9108.0,754.0
2023-07-10,8715.0,692.0
2023-07-11,9044.0,669.0
2023-07-12,10146.0,815.0
2023-07-13,9386.0,708.0
2023-07-14,9791.0,760.0
2023-07-15,9921.0,751.0
2023-07-16,8992.0,743.0
2023-07-17,9809.0,710.0
2023-07-18,9918.0,749.0
2023-07-19,10284.0,785.0
2023-07-20,10293.0,780.0
2023-07-21,9735.0,752.0
2023-07-22,10123.0,771.0
2023-07-23,10031.0,787.0
2023-07-24,10410.0,770.0
2023-07-25,10293.0,814.0
2023-07-26,10519.0,797.0
2023-07-27,9811.0,766.0
2023-07-28,10297.0,783.0
2023-07-29,9854.0,801.0
2023-07-30,9993.0,780.0
2023-07-31,10052.0,766.0
2023-08-01,10111.0,755.0
2023-08-02,10211.0,761.0
2023-08-03,10295.0,761.0
2023-08-04,9518.0,729.0
2023-08-05,10097.0,763.0
2023-08-06,10022.0,798.0
2023-08-07,9611.0,776.0
2023-08-08,9303.0,704.0
2023-08-09,10292.0,786.0
2023-08-10,10306.0,765.0
2023-08-11,10375.0,762.0
2023-08-12,10044.0,739.0
2023-08-13,9696.0,773.0
2023-08-14,10160.0,784.0
2023-08-15,9513.0,737.0
2023-08-16,9723.0,744.0
2023-08-17,9819.0,777.0
2023-08-18,9481.0,722.0
2023-08-19,9950.0,784.0
2023-08-20,9820.0,813.0
2023-08-21,9745.0,732.0
2023-08-22,9834.0,777.0
2023-08-23,9991.0,751.0
2023-08-24,9743.0,728.0
2023-08-25,8830.0,710.0
2023-08-26,9198.0,737.0
2023-08-27,8760.0,712.0
2023-08-28,8710.0,679.0
2023-08-29,8364.0,652.0
2023-08-30,8099.0,635.0
2023-08-31,8800.0,672.0
2023-09-01,9334.0,700.0
2023-09-02,9858.0,780.0
2023-09-03,10080.0,768.0
2023-09-04,9800.0,773.0
2023-09-05,9023.0,741.0
2023-09-06,8941.0,677.0
2023-09-07,9082.0,712.0
2023-09-08,8982.0,676.0
2023-09-09,9505.0,771.0
2023-09-10,7847.0,708.0
2023-09-11,7752.0,675.0
2023-09-12,7599.0,617.0
2023-09-13,7901.0,662.0
2023-09-14,8533.0,697.0
2023-09-15,8759.0,696.0
2023-09-16,7418.0,654.0
2023-09-17,8212.0,765.0
2023-09-18,6807.0,598.0
2023-09-19,7887.0,625.0
2023-09-20,8307.0,657.0
2023-09-21,8414.0,666.0
2023-09-22,8807.0,675.0
2023-09-23,8552.0,715.0
2023-09-24,7473.0,724.0
2023-09-25,7331.0,631.0
2023-09-26,7142.0,591.0
2023-09-27,7214.0,563.0
2023-09-28,7608.0,604.0
2023-09-29,7877.0,619.0
2023-09-30,8117.0,714.0
2023-10-01,8054.0,699.0
2023-10-02,7525.0,644.0
2023-10-03,7889.0,636.0
2023-10-04,7964.0,642.0
2023-10-05,7762.0,662.0
2023-10-06,8323.0,655.0
2023-10-07,8282.0,708.0
2023-10-08,8703.0,790.0
2023-10-09,8269.0,724.0
2023-10-10,7170.0,627.0
2023-10-11,7342.0,653.0
2023-10-12,7529.0,630.0
2023-10-13,8013.0,680.0
2023-10-14,8296.0,714.0
2023-10-15,7385.0,709.0
2023-10-16,6526.0,564.0
2023-10-17,6725.0,552.0
2023-10-18,6958.0,616.0
2023-10-19,7498.0,658.0
2023-10-20,7413.0,640.0
2023-10-21,6864.0,614.0
2023-10-22,6597.0,662.0
2023-10-23,5935.0,507.0
2023-10-24,6055.0,490.0
2023-10-25,6472.0,566.0
2023-10-26,6306.0,569.0
2023-10-27,7481.0,617.0
2023-10-28,8072.0,750.0
2023-10-29,5694.0,603.0
2023-10-30,4770.0,400.0
2023-10-31,5099.0,437.0
2023-11-01,5072.0,414.0
2023-11-02,5348.0,462.0
2023-11-03,5758.0,468.0
2023-11-04,5701.0,524.0
2023-11-05,4747.0,508.0
2023-11-06,4688.0,399.0
2023-11-07,4897.0,404.0
2023-11-08,4901.0,411.0
2023-11-09,4490.0,388.0
2023-11-10,5728.0,495.0
2023-11-11,5648.0,546.0
2023-11-12,4710.0,503.0
2023-11-13,4564.0,388.0
2023-11-14,4512.0,370.0
2023-11-15,4726.0,382.0
2023-11-16,4886.0,422.0
2023-11-17,5341.0,450.0
2023-11-18,4433.0,393.0
2023-11-19,4309.0,442.0
2023-11-20,4525.0,400.0
2023-11-21,4686.0,400.0
2023-11-22,4196.0,353.0
2023-11-23,2955.0,321.0
2023-11-24,4984.0,484.0
2023-11-25,5001.0,499.0
2023-11-26,3962.0,435.0
2023-11-27,4384.0,412.0
2023-11-28,4573.0,394.0
2023-11-29,4539.0,413.0
2023-11-30,4872.0,392.0
2023-12-01,5507.0,505.0
2023-12-02,5540.0,497.0
2023-12-03,4209.0,501.0
2023-12-04,4152.0,340.0
2023-12-05,4422.0,399.0
2023-12-06,4591.0,400.0
2023-12-07,4825.0,418.0
2023-12-08,6099.0,532.0
2023-12-09,6275.0,629.0
2023-12-10,4688.0,547.0
2023-12-11,4258.0,383.0
2023-12-12,4666.0,401.0
2023-12-13,4702.0,403.0
2023-12-14,4733.0,401.0
2023-12-15,5380.0,449.0
2023-12-16,4823.0,466.0
2023-12-17,3772.0,432.0
2023-12-18,3672.0,344.0
2023-12-19,4866.0,419.0
2023-12-20,4815.0,399.0
2023-12-21,4838.0,404.0
2023-12-22,5110.0,436.0
2023-12-23,4181.0,390.0
2023-12-24,3387.0,350.0
2023-12-25,2310.0,270.0
2023-12-26,4259.0,424.0
2023-12-27,4775.0,417.0
2023-12-28,4466.0,416.0
2023-12-29,4967.0,454.0
2023-12-30,4666.0,519.0
2023-12-31,4910.0,533.0
2024-01-01,3801.0,456.0
2024-01-02,4188.0,358.0
2024-01-03,4310.0,360.0
2024-01-04,4180.0,344.0
2024-01-05,4564.0,373.0
2024-01-06,3714.0,392.0
2024-01-07,1129.0,102.0
2024-01-08,3546.0,288.0
2024-01-09,3954.0,325.0
2024-01-10,3882.0,346.0
2024-01-11,4392.0,380.0
2024-01-12,5055.0,462.0
2024-01-13,3641.0,360.0
2024-01-14,4466.0,513.0
2024-01-15,4525.0,437.0
2024-01-16,2757.0,258.0
2024-01-17,4211.0,387.0
2024-01-18,4289.0,358.0
2024-01-19,4470.0,361.0
2024-01-20,3986.0,412.0
2024-01-21,3364.0,385.0
2024-01-22,3961.0,336.0
2024-01-23,4056.0,332.0
2024-01-24,3370.0,299.0
2024-01-25,4192.0,338.0
2024-01-26,3931.0,344.0
2024-01-27,4275.0,427.0
2024-01-28,2902.0,338.0
2024-01-29,3393.0,285.0
2024-01-30,4036.0,340.0
2024-01-31,4134.0,369.0
2024-02-01,4214.0,373.0
2024-02-02,4639.0,405.0
2024-02-03,4561.0,500.0
2024-02-04,3945.0,435.0
2024-02-05,3892.0,351.0
2024-02-06,4234.0,354.0
2024-02-07,4161.0,358.0
2024-02-08,4446.0,386.0
2024-02-09,4737.0,396.0
2024-02-10,5620.0,605.0
2024-02-11,3914.0,447.0
2024-02-12,4182.0,363.0
2024-02-13,3316.0,294.0
2024-02-14,4632.0,363.0
2024-02-15,4426.0,412.0
2024-02-16,4554.0,353.0
2024-02-17,4754.0,469.0
2024-02-18,4636.0,521.0
2024-02-19,4745.0,448.0
2024-02-20,4392.0,380.0
2024-02-21,4500.0,394.0
2024-02-22,4735.0,412.0
2024-02-23,4451.0,353.0
2024-02-24,4843.0,515.0
2024-02-25,4013.0,454.0
2024-02-26,4159.0,377.0
2024-02-27,4548.0,389.0
2024-02-28,4009.0,366.0
2024-02-29,4396.0,372.0
2024-03-01,5135.0,420.0
2024-03-02,4305.0,408.0
2024-03-03,4224.0,471.0
2024-03-04,4260.0,400.0
2024-03-05,4149.0,370.0
2024-03-06,4393.0,362.0
2024-03-07,4141.0,369.0
2024-03-08,5420.0,471.0
2024-03-09,4843.0,476.0
2024-03-10,3783.0,388.0
2024-03-11,4212.0,353.0
2024-03-12,4499.0,372.0
2024-03-13,4872.0,374.0
2024-03-14,5152.0,444.0
2024-03-15,4882.0,391.0
2024-03-16,5496.0,543.0
2024-03-17,4023.0,397.0
2024-03-18,4489.0,389.0
2024-03-19,4164.0,392.0
2024-03-20,4652.0,380.0
2024-03-21,4662.0,407.0
2024-03-22,5633.0,480.0
2024-03-23,3028.0,273.0
2024-03-24,4231.0,443.0
2024-03-25,4508.0,382.0
2024-03-26,4516.0,374.0
2024-03-27,4698.0,376.0
2024-03-28,4374.0,351.0
2024-03-29,5347.0,429.0
2024-03-30,5585.0,519.0
2024-03-31,4491.0,512.0
2024-04-01,4884.0,424.0
2024-04-02,5031.0,420.0
2024-04-03,4515.0,389.0
2024-04-04,2443.0,240.0
2024-04-05,5391.0,414.0
2024-04-06,5877.0,497.0
2024-04-07,4977.0,483.0
2024-04-08,5300.0,409.0
2024-04-09,5750.0,493.0
2024-04-10,5166.0,431.0
2024-04-11,5169.0,439.0
2024-04-12,5311.0,467.0
2024-04-13,6406.0,586.0
2024-04-14,6029.0,601.0
2024-04-15,6218.0,545.0
2024-04-16,6212.0,520.0
2024-04-17,6136.0,499.0
2024-04-18,6025.0,478.0
2024-04-19,6836.0,553.0
2024-04-20,6281.0,553.0
2024-04-21,6102.0,635.0
2024-04-22,5709.0,477.0
2024-04-23,5700.0,453.0
2024-04-24,5574.0,441.0
2024-04-25,6376.0,512.0
2024-04-26,7158.0,612.0
2024-04-27,7213.0,625.0
2024-04-28,5984.0,601.0
2024-04-29,5905.0,470.0
2024-04-30,5321.0,475.0
2024-05-01,5722.0,450.0
2024-05-02,6088.0,488.0
2024-05-03,7730.0,585.0
2024-05-04,8318.0,771.0
2024-05-05,6720.0,691.0
2024-05-06,6377.0,524.0
2024-05-07,6837.0,559.0
2024-05-08,6058.0,504.0
2024-05-09,6679.0,544.0
2024-05-10,7326.0,576.0
2024-05-11,8443.0,715.0
2024-05-12,7762.0,786.0
2024-05-13,6569.0,527.0
2024-05-14,6813.0,546.0
2024-05-15,7019.0,549.0
2024-05-16,7135.0,563.0
2024-05-17,8540.0,694.0
2024-05-18,8692.0,707.0
2024-05-19,7982.0,768.0
2024-05-20,7601.0,645.0
2024-05-21,7374.0,572.0
2024-05-22,8397.0,677.0
2024-05-23,8159.0,624.0
2024-05-24,8711.0,651.0
2024-05-25,9492.0,756.0
2024-05-26,9506.0,757.0
2024-05-27,8186.0,760.0
2024-05-28,7535.0,628.0
2024-05-29,7544.0,585.0
2024-05-30,7247.0,563.0
2024-05-31,8258.0,636.0
2024-06-01,8607.0,687.0
2024-06-02,8471.0,724.0
2024-06-03,7993.0,626.0
2024-06-04,7646.0,578.0
2024-06-05,7793.0,634.0
2024-06-06,7541.0,608.0
2024-06-07,8450.0,710.0
2024-06-08,8879.0,689.0
2024-06-09,8074.0,696.0
2024-06-10,7824.0,606.0
2024-06-11,8010.0,639.0
2024-06-12,8206.0,656.0
2024-06-13,8534.0,666.0
2024-06-14,8834.0,659.0
2024-06-15,9381.0,735.0
2024-06-16,9589.0,788.0
2024-06-17,8872.0,708.0
2024-06-18,9000.0,659.0
2024-06-19,10084.0,784.0
2024-06-20,9447.0,727.0
2024-06-21,9763.0,742.0
2024-06-22,9239.0,723.0
2024-06-23,8556.0,759.0
2024-06-24,9197.0,697.0
2024-06-25,9399.0,726.0
2024-06-26,9710.0,766.0
2024-06-27,9509.0,752.0
2024-06-28,9920.0,764.0
2024-06-29,9368.0,767.0
2024-06-30,9122.0,770.0
2024-07-01,9349.0,742.0
2024-07-02,9789.0,724.0
2024-07-03,10066.0,715.0
2024-07-04,10102.0,736.0
2024-07-05,10287.0,773.0
2024-07-06,10236.0,790.0
2024-07-07,10210.0,796.0
2024-07-08,9622.0,711.0
2024-07-09,9340.0,748.0
2024-07-10,9404.0,716.0
2024-07-11,9489.0,753.0
2024-07-12,10086.0,723.0
2024-07-13,9671.0,754.0
2024-07-14,9768.0,768.0
2024-07-15,9892.0,765.0
2024-07-16,9836.0,767.0
2024-07-17,9737.0,760.0
2024-07-18,9837.0,781.0
2024-07-19,10342.0,783.0
2024-07-20,10238.0,794.0
2024-07-21,9859.0,776.0
2024-07-22,10190.0,776.0
2024-07-23,9289.0,715.0
2024-07-24,9562.0,736.0
2024-07-25,9658.0,723.0
2024-07-26,10008.0,754.0
2024-07-27,10159.0,770.0
2024-07-28,9835.0,773.0
2024-07-29,9250.0,707.0
2024-07-30,9325.0,731.0
2024-07-31,9619.0,728.0
2024-08-01,9875.0,750.0
2024-08-02,10084.0,731.0
2024-08-03,9469.0,718.0
2024-08-04,9393.0,812.0
2024-08-05,9766.0,760.0
2024-08-06,9329.0,714.0
2024-08-07,9881.0,746.0
2024-08-08,10034.0,781.0
2024-08-09,9451.0,731.0
2024-08-10,9957.0,784.0
2024-08-11,9953.0,771.0
2024-08-12,10068.0,771.0
2024-08-13,9986.0,767.0
2024-08-14,9961.0,749.0
2024-08-15,9445.0,779.0
2024-08-16,9886.0,741.0
2024-08-17,9563.0,764.0
2024-08-18,9069.0,763.0
2024-08-19,8886.0,717.0
2024-08-20,9078.0,729.0
2024-08-21,9171.0,727.0
2024-08-22,9744.0,740.0
2024-08-23,9962.0,765.0
2024-08-24,9831.0,772.0
2024-08-25,8964.0,738.0
2024-08-26,8889.0,813.0
2024-08-27,8516.0,702.0
2024-08-28,8898.0,687.0
2024-08-29,8760.0,661.0
2024-08-30,9258.0,732.0
2024-08-31,9579.0,777.0
2024-09-01,9899.0,759.0
2024-09-02,9024.0,766.0
2024-09-03,8439.0,727.0
2024-09-04,8449.0,661.0
2024-09-05,8611.0,679.0
2024-09-06,8881.0,677.0
2024-09-07,9223.0,765.0
2024-09-08,8436.0,733.0
2024-09-09,8136.0,664.0
2024-09-10,7962.0,642.0
2024-09-11,8373.0,673.0
2024-09-12,8635.0,703.0
2024-09-13,9159.0,750.0
2024-09-14,9345.0,775.0
2024-09-15,8498.0,715.0
2024-09-16,8030.0,676.0
2024-09-17,8192.0,668.0
2024-09-18,8333.0,684.0
2024-09-19,8010.0,656.0
2024-09-20,8490.0,698.0
2024-09-21,8579.0,721.0
2024-09-22,7916.0,737.0
2024-09-23,7379.0,630.0
2024-09-24,7210.0,627.0
2024-09-25,7080.0,578.0
2024-09-26,6823.0,609.0
2024-09-27,8375.0,680.0
2024-09-28,8628.0,711.0
2024-09-29,7930.0,710.0
2024-09-30,7044.0,600.0
2024-10-01,6892.0,563.0
2024-10-02,6966.0,591.0
2024-10-03,7268.0,599.0
2024-10-04,8331.0,642.0
2024-10-05,8453.0,715.0
2024-10-06,7870.0,704.0
2024-10-07,6302.0,543.0
2024-10-08,6971.0,598.0
2024-10-09,7351.0,588.0
2024-10-10,7600.0,658.0
2024-10-11,8398.0,702.0
2024-10-12,8864.0,753.0
2024-10-13,8164.0,746.0
2024-10-14,7717.0,721.0
2024-10-15,6932.0,578.0
2024-10-16,7190.0,645.0
2024-10-17,7224.0,621.0
2024-10-18,8059.0,655.0
2024-10-19,8244.0,693.0
2024-10-20,7513.0,727.0
2024-10-21,7030.0,624.0
2024-10-22,6738.0,560.0
2024-10-23,6755.0,596.0
2024-10-24,6603.0,611.0
2024-10-25,7657.0,646.0
2024-10-26,7765.0,707.0
2024-10-27,6347.0,630.0
2024-10-28,5727.0,475.0
2024-10-29,5471.0,454.0
2024-10-30,5271.0,467.0
2024-10-31,5677.0,459.0
2024-11-01,5656.0,447.0
2024-11-02,5646.0,508.0
2024-11-03,4692.0,474.0
2024-11-04,4521.0,383.0
2024-11-05,4563.0,395.0
2024-11-06,5008.0,442.0
2024-11-07,5003.0,418.0
2024-11-08,5549.0,469.0
2024-11-09,5631.0,511.0
2024-11-10,4963.0,494.0
2024-11-11,4862.0,460.0
2024-11-12,4570.0,392.0
2024-11-13,4654.0,397.0
2024-11-14,4654.0,405.0
2024-11-15,5089.0,421.0
2024-11-16,5070.0,466.0
2024-11-17,4250.0,504.0
2024-11-18,4338.0,373.0
2024-11-19,4425.0,387.0
2024-11-20,4557.0,385.0
2024-11-21,4304.0,363.0
2024-11-22,4841.0,397.0
2024-11-23,4161.0,382.0
2024-11-24,3721.0,388.0
2024-11-25,4357.0,398.0
2024-11-26,4237.0,359.0
2024-11-27,4654.0,385.0
2024-11-28,2538.0,287.0
2024-11-29,4806.0,440.0
2024-11-30,4927.0,474.0
2024-12-01,3891.0,410.0
2024-12-02,4119.0,347.0
2024-12-03,4257.0,372.0
2024-12-04,4320.0,353.0
2024-12-05,4017.0,348.0
2024-12-06,5081.0,410.0
2024-12-07,5143.0,477.0
2024-12-08,4060.0,470.0
2024-12-09,4169.0,392.0
2024-12-10,3819.0,328.0
2024-12-11,4094.0,434.0
2024-12-12,4830.0,400.0
2024-12-13,5805.0,517.0
2024-12-14,5834.0,603.0
2024-12-15,4568.0,525.0
2024-12-16,4431.0,363.0
2024-12-17,4476.0,375.0
2024-12-18,4558.0,371.0
2024-12-19,4473.0,375.0
2024-12-20,4669.0,399.0
2024-12-21,4099.0,422.0
2024-12-22,3780.0,396.0
2024-12-23,4525.0,421.0
2024-12-24,3420.0,321.0
2024-12-25,2184.0,232.0
2024-12-26,4078.0,411.0
2024-12-27,4848.0,478.0
2024-12-28,4429.0,437.0
2024-12-29,3691.0,437.0
2024-12-30,4267.0,400.0
2024-12-31,5134.0,447.0
2025-01-01,3052.0,341.0
2025-01-02,4255.0,368.0
2025-01-03,4435.0,391.0
2025-01-04,3966.0,444.0
2025-01-05,2984.0,323.0
2025-01-06,3691.0,318.0
2025-01-07,3717.0,333.0
2025-01-08,3832.0,349.0
2025-01-09,3932.0,341.0
2025-01-10,4254.0,354.0
2025-01-11,2998.0,288.0
2025-01-12,3184.0,365.0
2025-01-13,3762.0,316.0
2025-01-14,3859.0,325.0
2025-01-15,3914.0,349.0
2025-01-16,4014.0,336.0
2025-01-17,4380.0,374.0
2025-01-18,4236.0,415.0
2025-01-19,3512.0,398.0
2025-01-20,2989.0,262.0
2025-01-21,3519.0,310.0
2025-01-22,3687.0,308.0
2025-01-23,3784.0,314.0
2025-01-24,4184.0,344.0
2025-01-25,3896.0,397.0
2025-01-26,3222.0,363.0
2025-01-27,3746.0,316.0
2025-01-28,3782.0,312.0
2025-01-29,3429.0,269.0
2025-01-30,3944.0,317.0
2025-01-31,4032.0,333.0
2025-02-01,3393.0,305.0
2025-02-02,3167.0,337.0
2025-02-03,3509.0,290.0
2025-02-04,3832.0,324.0
2025-02-05,4000.0,331.0
2025-02-06,2387.0,318.0
2025-02-07,4141.0,348.0
2025-02-08,3981.0,374.0
2025-02-09,1821.0,198.0
2025-02-10,3715.0,339.0
2025-02-11,3852.0,316.0
2025-02-12,3629.0,346.0
2025-02-13,4446.0,504.0
2025-02-14,5054.0,387.0
2025-02-15,4349.0,433.0
2025-02-16,1385.0,130.0
2025-02-17,3418.0,322.0
2025-02-18,3855.0,335.0
2025-02-19,4189.0,341.0
2025-02-20,4131.0,341.0
2025-02-21,4553.0,393.0
2025-02-22,4447.0,451.0
2025-02-23,3674.0,400.0
2025-02-24,3800.0,326.0
2025-02-25,4004.0,338.0
2025-02-26,4338.0,354.0
2025-02-27,3751.0,332.0
2025-02-28,4618.0,384.0
2025-03-01,4329.0,425.0
2025-03-02,3511.0,392.0
2025-03-03,3896.0,356.0
2025-03-04,4082.0,345.0
2025-03-05,3963.0,328.0
2025-03-06,4113.0,360.0
2025-03-07,4733.0,434.0
2025-03-08,4525.0,448.0
2025-03-09,3825.0,408.0
2025-03-10,4124.0,373.0
2025-03-11,4429.0,388.0
2025-03-12,4309.0,346.0
2025-03-13,4408.0,356.0
2025-03-14,4963.0,421.0
2025-03-15,5190.0,508.0
2025-03-16,4111.0,448.0
2025-03-17,3827.0,329.0
2025-03-18,4421.0,385.0
2025-03-19,4795.0,401.0
2025-03-20,4643.0,405.0
2025-03-21,4828.0,378.0
2025-03-22,5491.0,536.0
2025-03-23,4248.0,440.0
2025-03-24,3569.0,365.0
2025-03-25,4237.0,348.0
2025-03-26,4427.0,374.0
2025-03-27,4888.0,389.0
2025-03-28,5456.0,446.0
2025-03-29,3716.0,328.0
2025-03-30,3428.0,347.0
2025-03-31,4075.0,353.0
2025-04-01,4438.0,384.0
2025-04-02,4650.0,373.0
2025-04-03,4358.0,372.0
2025-04-04,5516.0,481.0
2025-04-05,4873.0,439.0
2025-04-06,4016.0,428.0
2025-04-07,4320.0,372.0
2025-04-08,4373.0,370.0
2025-04-09,4869.0,385.0
2025-04-10,5027.0,434.0
2025-04-11,5256.0,420.0
2025-04-12,4436.0,382.0
2025-04-13,4105.0,424.0
2025-04-14,5391.0,445.0
2025-04-15,4505.0,408.0
2025-04-16,5236.0,420.0
2025-04-17,5759.0,454.0
2025-04-18,6371.0,523.0
2025-04-19,6547.0,609.0
2025-04-20,4961.0,498.0
2025-04-21,5298.0,452.0
2025-04-22,5538.0,447.0
2025-04-23,5838.0,446.0
2025-04-24,6399.0,545.0
2025-04-25,6992.0,616.0
2025-04-26,5633.0,476.0
2025-04-27,5092.0,522.0
2025-04-28,5649.0,478.0
2025-04-29,6026.0,494.0
2025-04-30,5875.0,486.0
2025-05-01,6229.0,485.0
2025-05-02,7157.0,559.0
2025-05-03,7722.0,722.0
2025-05-04,6520.0,745.0
2025-05-05,5304.0,449.0
2025-05-06,5254.0,430.0
2025-05-07,5710.0,449.0
2025-05-08,6195.0,479.0
2025-05-09,6452.0,531.0
2025-05-10,6639.0,594.0
2025-05-11,8083.0,750.0
2025-05-12,6571.0,534.0
2025-05-13,6524.0,516.0
2025-05-14,6941.0,537.0
2025-05-15,7171.0,570.0
2025-05-16,8132.0,602.0
2025-05-17,8104.0,718.0
2025-05-18,7801.0,758.0
2025-05-19,6829.0,582.0
2025-05-20,6596.0,550.0
2025-05-21,7068.0,607.0
2025-05-22,6799.0,575.0
2025-05-23,7542.0,571.0
2025-05-24,8754.0,719.0
2025-05-25,9021.0,732.0
2025-05-26,8142.0,732.0
2025-05-27,7736.0,716.0
2025-05-28,7553.0,611.0
2025-05-29,7505.0,577.0
2025-05-30,7903.0,618.0
2025-05-31,7318.0,618.0
2025-06-01,7448.0,663.0
2025-06-02,7046.0,582.0
2025-06-03,7243.0,562.0
2025-06-04,7872.0,627.0
2025-06-05,8400.0,657.0
2025-06-06,8141.0,639.0
2025-06-07,8048.0,676.0
2025-06-08,8283.0,735.0
2025-06-09,7617.0,625.0
2025-06-10,7352.0,572.0
2025-06-11,8333.0,641.0
2025-06-12,8763.0,692.0
2025-06-13,8958.0,678.0
2025-06-14,8600.0,685.0
2025-06-15,8535.0,721.0
2025-06-16,8069.0,638.0
2025-06-17,7944.0,645.0
2025-06-18,8363.0,649.0
2025-06-19,9470.0,743.0
2025-06-20,9868.0,732.0
2025-06-21,10172.0,787.0
2025-06-22,9888.0,775.0
2025-06-23,9405.0,724.0
2025-06-24,9095.0,705.0
2025-06-25,9655.0,769.0
2025-06-26,9292.0,751.0
2025-06-27,9454.0,759.0
2025-06-28,8833.0,720.0
2025-06-29,9189.0,754.0
2025-06-30,9479.0,773.0
2025-07-01,9275.0,709.0
2025-07-02,9808.0,703.0
2025-07-03,10346.0,755.0
2025-07-04,10124.0,713.0
2025-07-05,10473.0,782.0
2025-07-06,10272.0,815.0
2025-07-07,9897.0,743.0
2025-07-08,9014.0,694.0
2025-07-09,9223.0,763.0
2025-07-10,9146.0,712.0
2025-07-11,9646.0,748.0
2025-07-12,9523.0,755.0
2025-07-13,9545.0,744.0
2025-07-14,9559.0,735.0
2025-07-15,9668.0,742.0
2025-07-16,10015.0,740.0
2025-07-17,9793.0,756.0
2025-07-18,10149.0,750.0
2025-07-19,9936.0,762.0
2025-07-20,9369.0,794.0
2025-07-21,9715.0,751.0
2025-07-22,9754.0,772.0
2025-07-23,9885.0,737.0
2025-07-24,10214.0,748.0
2025-07-25,10045.0,755.0
2025-07-26,9779.0,752.0
2025-07-27,8994.0,761.0
2025-07-28,9665.0,708.0
2025-07-29,9836.0,747.0
2025-07-30,9905.0,731.0
2025-07-31,9320.0,694.0
2025-08-01,9922.0,748.0
2025-08-02,9874.0,762.0
2025-08-03,9776.0,782.0
2025-08-04,9947.0,770.0
2025-08-05,9830.0,770.0
2025-08-06,9905.0,760.0
2025-08-07,10032.0,726.0
2025-08-08,10134.0,766.0
2025-08-09,10039.0,717.0
2025-08-10,9657.0,771.0
2025-08-11,10008.0,780.0
2025-08-12,10017.0,803.0
2025-08-13,10003.0,797.0
2025-08-14,9842.0,763.0
2025-08-15,9988.0,758.0
2025-08-16,9863.0,764.0
2025-08-17,9807.0,773.0
2025-08-18,9430.0,752.0
2025-08-19,9621.0,755.0
2025-08-20,9271.0,721.0
2025-08-21,9641.0,752.0
2025-08-22,9848.0,733.0
2025-08-23,9676.0,763.0
2025-08-24,9182.0,721.0
2025-08-25,8792.0,686.0
2025-08-26,8546.0,669.0
2025-08-27,8744.0,666.0
2025-08-28,9009.0,683.0
2025-08-29,8768.0,690.0
2025-08-30,9459.0,753.0
2025-08-31,9620.0,760.0
2025-09-01,8508.0,700.0
2025-09-02,8458.0,710.0
2025-09-03,8652.0,688.0
2025-09-04,8630.0,684.0
2025-09-05,9009.0,693.0
2025-09-06,8815.0,717.0
2025-09-07,7763.0,718.0
2025-09-08,8343.0,686.0
2025-09-09,8285.0,692.0
2025-09-10,8640.0,689.0
2025-09-11,8864.0,677.0
2025-09-12,9356.0,719.0
2025-09-13,8943.0,788.0
2025-09-14,8331.0,721.0
2025-09-15,7997.0,651.0
2025-09-16,7977.0,662.0
2025-09-17,8255.0,657.0
2025-09-18,8633.0,702.0
2025-09-19,9022.0,739.0
2025-09-20,8903.0,747.0
2025-09-21,8104.0,716.0
2025-09-22,7874.0,691.0
2025-09-23,7725.0,633.0
2025-09-24,7405.0,625.0
2025-09-25,7064.0,610.0
2025-09-26,8491.0,648.0
2025-09-27,8799.0,741.0
2025-09-28,8035.0,743.0
2025-09-29,7694.0,652.0
2025-09-30,7315.0,590.0
2025-10-01,7157.0,574.0
2025-10-02,7642.0,646.0
2025-10-03,8333.0,639.0
2025-10-04,8777.0,732.0
2025-10-05,8298.0,755.0
2025-10-06,7708.0,637.0
2025-10-07,7414.0,607.0
2025-10-08,6783.0,618.0
2025-10-09,7659.0,629.0
2025-10-10,8580.0,706.0
2025-10-11,8844.0,720.0
2025-10-12,8035.0,717.0
2025-10-13,7068.0,663.0
2025-10-14,7000.0,582.0
2025-10-15,7204.0,633.0
2025-10-16,7336.0,654.0
2025-10-17,8136.0,667.0
2025-10-18,8140.0,702.0
2025-10-19,7204.0,685.0
2025-10-20,5957.0,549.0
2025-10-21,6502.0,541.0
2025-10-22,6314.0,518.0
2025-10-23,6980.0,604.0
2025-10-24,7496.0,679.0
2025-10-25,7761.0,710.0
2025-10-26,6449.0,652.0
2025-10-27,5888.0,522.0
2025-10-28,5719.0,482.0
2025-10-29,5826.0,505.0
2025-10-30,5664.0,495.0
2025-10-31,5556.0,462.0
2025-11-01,5668.0,554.0
2025-11-02,4728.0,500.0
2025-11-03,4822.0,416.0
2025-11-04,4901.0,426.0
2025-11-05,4850.0,398.0
2025-11-06,5016.0,411.0
2025-11-07,5500.0,431.0
2025-11-08,5666.0,544.0
2025-11-09,4297.0,500.0
2025-11-10,4433.0,380.0
2025-11-11,4567.0,417.0
2025-11-12,4750.0,387.0
2025-11-13,4855.0,401.0
2025-11-14,5209.0,418.0
2025-11-15,4889.0,489.0
2025-11-16,3842.0,435.0
2025-11-17,4194.0,367.0
2025-11-18,4381.0,363.0
2025-11-19,4571.0,381.0
2025-11-20,4666.0,396.0
2025-11-21,4993.0,411.0
2025-11-22,4674.0,441.0
2025-11-23,3721.0,390.0
2025-11-24,4453.0,399.0
2025-11-25,4604.0,389.0
2025-11-26,4512.0,373.0
2025-11-27,2964.0,320.0
2025-11-28,4818.0,451.0
2025-11-29,5118.0,510.0
2025-11-30,3777.0,406.0
2025-12-01,4516.0,383.0
2025-12-02,2422.0,265.0
2025-12-03,4098.0,347.0
2025-12-04,4625.0,385.0
2025-12-05,5252.0,475.0
2025-12-06,5159.0,459.0
2025-12-07,4713.0,540.0
2025-12-08,4535.0,412.0
2025-12-09,4358.0,377.0
2025-12-10,4474.0,390.0
2025-12-11,4952.0,415.0
2025-12-12,6029.0,531.0
2025-12-13,6226.0,597.0
2025-12-14,3906.0,452.0
2025-12-15,4375.0,412.0
2025-12-16,4486.0,375.0
2025-12-17,4619.0,391.0
2025-12-18,4686.0,398.0
2025-12-19,4402.0,358.0
2025-12-20,4584.0,443.0
2025-12-21,3900.0,433.0
2025-12-22,4926.0,446.0
2025-12-23,4415.0,416.0
2025-12-24,3345.0,311.0
2025-12-25,2076.0,225.0
2025-12-26,3812.0,369.0
2025-12-27,3961.0,404.0
2025-12-28,3804.0,412.0
2025-12-29,3505.0,306.0
2025-12-30,4629.0,427.0
2025-12-31,5100.0,458.0
2026-01-01,3211.0,309.0
2026-01-02,4691.0,438.0
2026-01-03,4138.0,402.0
2026-01-04,2955.0,319.0
2026-01-05,3695.0,311.0
2026-01-06,3850.0,331.0
2026-01-07,3155.0,257.0
2026-01-08,4216.0,373.0
2026-01-09,4306.0,375.0
2026-01-10,4005.0,396.0
2026-01-11,3088.0,331.0
2026-01-12,3754.0,328.0
2026-01-13,4158.0,367.0
2026-01-14,4045.0,331.0
2026-01-15,4116.0,355.0
2026-01-16,4357.0,362.0
2026-01-17,3293.0,311.0
2026-01-18,3091.0,347.0
2026-01-19,3371.0,313.0
2026-01-20,3881.0,332.0
2026-01-21,3846.0,343.0
2026-01-22,4004.0,339.0
2026-01-23,4396.0,372.0
2026-01-24,3469.0,369.0
2026-01-25,1801.0,272.0
2026-01-26,1148.0,96.0
2026-01-27,3338.0,290.0
2026-01-28,4011.0,324.0
2026-01-29,4055.0,346.0
2026-01-30,4018.0,325.0
2026-01-31,3845.0,374.0
2026-02-01,2885.0,313.0
2026-02-02,3724.0,329.0
2026-02-03,3926.0,339.0
2026-02-04,3935.0,326.0
2026-02-05,4036.0,317.0
2026-02-06,4318.0,349.0
2026-02-07,3127.0,301.0
2026-02-08,2811.0,296.0
2026-02-09,3508.0,322.0
2026-02-10,3779.0,324.0
2026-02-11,3563.0,288.0
2026-02-12,4298.0,356.0
2026-02-13,4823.0,375.0
2026-02-14,5382.0,519.0
2026-02-15,4436.0,458.0
2026-02-16,4343.0,436.0
2026-02-17,4035.0,377.0
2026-02-18,4248.0,334.0
2026-02-19,4382.0,373.0
2026-02-20,4177.0,373.0
2026-02-21,3566.0,339.0
2026-02-22,3562.0,415.0
2026-02-23,858.0,87.0
2026-02-24,3809.0,318.0
2026-02-25,3438.0,299.0
2026-02-26,4302.0,354.0
2026-02-27,4660.0,404.0
2026-02-28,4742.0,491.0
2026-03-01,3178.0,311.0
2026-03-02,3890.0,327.0
2026-03-03,3663.0,336.0
2026-03-04,4056.0,334.0
2026-03-05,4300.0,367.0
2026-03-06,3819.0,315.0
2026-03-07,4180.0,388.0
2026-03-08,3955.0,449.0
2026-03-09,4355.0,385.0
2026-03-10,4931.0,442.0
2026-03-11,4285.0,364.0
2026-03-12,4234.0,368.0
2026-03-13,4915.0,416.0
2026-03-14,4586.0,448.0
2026-03-15,3852.0,424.0
2026-03-16,3567.0,318.0
2026-03-17,4304.0,355.0
2026-03-18,4409.0,355.0
2026-03-19,4574.0,385.0
2026-03-20,5097.0,427.0
2026-03-21,5269.0,535.0
2026-03-22,3164.0,349.0
2026-03-23,3870.0,342.0
2026-03-24,4415.0,407.0
2026-03-25,4605.0,389.0
2026-03-26,4709.0,386.0
2026-03-27,5308.0,432.0
2026-03-28,5151.0,469.0
2026-03-29,4336.0,460.0
2026-03-30,4733.0,387.0
2026-03-31,4407.0,385.0
2026-04-01,4748.0,385.0
2026-04-02,4682.0,387.0
2026-04-03,5518.0,444.0
2026-04-04,5351.0,504.0
2026-04-05,3699.0,397.0
2026-04-06,4600.0,374.0
2026-04-07,4299.0,420.0
2026-04-08,5132.0,398.0
2026-04-09,5265.0,426.0
2026-04-10,6024.0,484.0
2026-04-11,5923.0,523.0
2026-04-12,4765.0,493.0
2026-04-13,4850.0,406.0
2026-04-14,5290.0,447.0
2026-04-15,5108.0,432.0
2026-04-16,5388.0,427.0
2026-04-17,5982.0,506.0
2026-04-18,6269.0,579.0
2026-04-19,4698.0,485.0
2026-04-20,5665.0,468.0
2026-04-21,5749.0,463.0
2026-04-22,5685.0,471.0
2026-04-23,6294.0,509.0
2026-04-24,6731.0,546.0
2026-04-25,6770.0,607.0
2026-04-26,5397.0,520.0
2026-04-27,5490.0,445.0
2026-04-28,5445.0,439.0
2026-04-29,5506.0,436.0
2026-04-30,5171.0,420.0
2026-05-01,7348.0,563.0
2026-05-02,7635.0,720.0
2026-05-03,6735.0,740.0
2026-05-04,5995.0,485.0
2026-05-05,6224.0,468.0
2026-05-06,5722.0,452.0
2026-05-07,6231.0,496.0
2026-05-08,6920.0,538.0
2026-05-09,7220.0,624.0
2026-05-10,7523.0,712.0
2026-05-11,6141.0,508.0
2026-05-12,6326.0,510.0
2026-05-13,6218.0,481.0
2026-05-14,6497.0,517.0
2026-05-15,7238.0,566.0
2026-05-16,8927.0,753.0
2026-05-17,8377.0,773.0
2026-05-18,7201.0,590.0
2026-05-19,7541.0,606.0
2026-05-20,7579.0,615.0
2026-05-21,7752.0,603.0
2026-05-22,8254.0,645.0
2026-05-23,9019.0,738.0
2026-05-24,8472.0,714.0
2026-05-25,7883.0,780.0
2026-05-26,7510.0,597.0
2026-05-27,7372.0,597.0
2026-05-28,7315.0,587.0
2026-05-29,7556.0,591.0
2026-05-30,7239.0,652.0
2026-05-31,7137.0,716.0
2026-06-02,7214.0,568.0
2026-06-03,7607.0,578.0
2026-06-04,8191.0,637.0
2026-06-05,8740.0,672.0
2026-06-06,8872.0,699.0
2026-06-07,7888.0,755.0
2026-06-08,7672.0,603.0
2026-06-09,8109.0,622.0
2026-06-10,8109.0,612.0
2026-06-11,8695.0,685.0
2026-06-12,9009.0,663.0
2026-06-13,9657.0,727.0
